survey,variable,year,quarter,n,mean,median,sd,iqr
us,CPI10,1991,4,36,3.897638888888889,4.0,0.7313885874642944,1.0
us,CPI10,1992,1,36,3.783333333333333,3.7,0.810467237374308,0.5249999999999999
us,CPI10,1992,2,36,4.019444444444444,3.9,0.8684368368986543,1.0
us,CPI10,1992,3,34,3.764705882352941,3.75,0.6992993692569279,0.75
us,CPI10,1992,4,34,3.644117647058824,3.6,0.8132207484685512,1.0
us,CPI10,1993,1,31,3.551612903225806,3.5,0.6228274066662639,1.0
us,CPI10,1993,2,33,3.8757575757575755,3.7,1.036831201012942,0.6000000000000001
us,CPI10,1993,3,34,3.3344117647058824,3.45,0.554038567613169,0.5
us,CPI10,1993,4,32,3.55625,3.45,0.8556972256210041,0.7999999999999998
us,CPI10,1994,1,26,3.338461538461539,3.45,0.4148030116350874,0.3999999999999999
us,CPI10,1994,2,30,3.4566666666666666,3.5,0.5661018144890689,0.6250000000000004
us,CPI10,1994,3,26,3.4038461538461537,3.5,0.5674368822914275,0.7749999999999999
us,CPI10,1994,4,26,3.488461538461538,3.5,0.4885299770347143,0.7250000000000001
us,CPI10,1995,1,28,3.3642857142857143,3.3,0.4754836023299395,0.5
us,CPI10,1995,2,45,3.364444444444444,3.35,0.5004114468730868,0.7000000000000002
us,CPI10,1995,3,47,3.21595744680851,3.2,0.5159527260720362,0.5
us,CPI10,1995,4,42,3.0250000000000004,3.0,0.4105692063108627,0.4874999999999998
us,CPI10,1996,1,38,2.9994736842105265,3.0,0.5251612229587912,0.4500000000000002
us,CPI10,1996,2,37,3.0513513513513515,3.0,0.3602635004962198,0.5
us,CPI10,1996,3,40,3.03375,3.0,0.4142319893799138,0.5125000000000002
us,CPI10,1996,4,32,2.9953125,3.0,0.41955417486322466,0.5375000000000001
us,CPI10,1997,1,36,2.9324999999999997,3.0,0.474398114908324,0.7625000000000002
us,CPI10,1997,2,36,2.886111111111111,2.8499999999999996,0.42705153772468246,0.7000000000000002
us,CPI10,1997,3,33,2.887878787878788,3.0,0.4284839376785142,0.6000000000000001
us,CPI10,1997,4,36,2.708333333333334,2.6500000000000004,0.40470447771888346,0.5
us,CPI10,1998,1,31,2.617741935483871,2.6,0.412421383841166,0.7000000000000002
us,CPI10,1998,2,27,2.435185185185185,2.5,0.4094590274455982,0.34999999999999964
us,CPI10,1998,3,30,2.5899999999999994,2.5,0.4309972397703437,0.3999999999999999
us,CPI10,1998,4,30,2.53,2.5,0.4196878971741772,0.6624999999999996
us,CPI10,1999,1,31,2.3790322580645156,2.3,0.45602890872333723,0.5
us,CPI10,1999,2,34,2.4338235294117645,2.5,0.47205556109733876,0.375
us,CPI10,1999,3,35,2.5042857142857144,2.5,0.42502100788414815,0.30000000000000027
us,CPI10,1999,4,40,2.4050000000000002,2.5,0.4100969241282934,0.2999999999999998
us,CPI10,2000,1,34,2.5058823529411764,2.5,0.4525625196860638,0.25000000000000044
us,CPI10,2000,2,30,2.6766666666666667,2.5,0.46641208162424086,0.2999999999999998
us,CPI10,2000,3,31,2.5306451612903222,2.5,0.42985994218172174,0.5249999999999999
us,CPI10,2000,4,33,2.5818181818181816,2.5,0.4026898197236813,0.5
us,CPI10,2001,1,34,2.525,2.5,0.4097763617714749,0.4125000000000001
us,CPI10,2001,2,29,2.6120689655172415,2.5,0.44050603458121096,0.25
us,CPI10,2001,3,30,2.5766666666666667,2.5,0.3932037581233156,0.2999999999999998
us,CPI10,2001,4,26,2.5203846153846152,2.55,0.4169458551824759,0.3999999999999999
us,CPI10,2002,1,33,2.5893939393939394,2.5,0.3772345042703824,0.44999999999999973
us,CPI10,2002,2,34,2.5455882352941175,2.5,0.31559651240987485,0.3374999999999999
us,CPI10,2002,3,32,2.5437499999999997,2.5,0.3057908836380329,0.30000000000000027
us,CPI10,2002,4,28,2.3857142857142857,2.45,0.35819949512370663,0.44999999999999973
us,CPI10,2003,1,34,2.473529411764706,2.5,0.2889991334048156,0.33750000000000036
us,CPI10,2003,2,33,2.463636363636364,2.5,0.36039750781097757,0.5
us,CPI10,2003,3,27,2.459259259259259,2.5,0.32166544882635584,0.37500000000000044
us,CPI10,2003,4,31,2.4574193548387098,2.5,0.3909472917750378,0.5
us,CPI10,2004,1,27,2.42037037037037,2.5,0.3831195985337043,0.6000000000000001
us,CPI10,2004,2,25,2.5064,2.5,0.35311565621856345,0.4500000000000002
us,CPI10,2004,3,20,2.513,2.5,0.32744786648130403,0.5
us,CPI10,2004,4,25,2.5004000000000004,2.5,0.2896187148649065,0.10000000000000009
us,CPI10,2005,1,33,2.4945454545454546,2.45,0.4354242967288553,0.20000000000000018
us,CPI10,2005,2,45,2.523111111111111,2.5,0.36604658311491045,0.20999999999999996
us,CPI10,2005,3,37,2.700810810810811,2.5,0.6731533520940346,0.30000000000000027
us,CPI10,2005,4,31,2.5329032258064514,2.5,0.3311816575877665,0.4450000000000003
us,CPI10,2006,1,49,2.5120408163265306,2.5,0.3538477756031818,0.40000000000000036
us,CPI10,2006,2,32,2.5045874999999995,2.5,0.38091440046796726,0.42500000000000027
us,CPI10,2006,3,48,2.634445833333333,2.5,0.5488382085197838,0.3875000000000002
us,CPI10,2006,4,46,2.5789130434782606,2.5,0.49431087052074413,0.2875000000000001
us,CPI10,2007,1,46,2.4104673913043477,2.3499999999999996,0.40238268686764,0.3999999999999999
us,CPI10,2007,2,49,2.4718367346938774,2.4,0.44731920681892884,0.3999999999999999
us,CPI10,2007,3,44,2.458636363636364,2.4,0.4051619883287046,0.5
us,CPI10,2007,4,45,2.4868333333333332,2.4,0.4549626608055574,0.3999999999999999
us,CPI10,2008,1,45,2.522513333333333,2.5,0.5207019595961521,0.5499999999999998
us,CPI10,2008,2,45,2.578444444444444,2.5,0.5111126701776837,0.40000000000000036
us,CPI10,2008,3,41,2.512926829268293,2.5,0.4577676479527524,0.5
us,CPI10,2008,4,47,2.595106382978723,2.5,0.5376756430528399,0.4750000000000001
us,CPI10,2009,1,39,2.408648717948718,2.4,0.6033709707581034,0.7250000000000001
us,CPI10,2009,2,44,2.474090909090909,2.5,0.7009306709631337,0.7999999999999998
us,CPI10,2009,3,30,2.55277,2.5,0.6075001751950933,0.6892249999999995
us,CPI10,2009,4,34,2.3511352941176473,2.2626999999999997,0.5688511435912408,0.7542000000000004
us,CPI10,2010,1,36,2.3937055555555555,2.3899999999999997,0.5951379426867328,0.40107500000000007
us,CPI10,2010,2,39,2.4232384615384612,2.4,0.6740024494783634,0.5860000000000003
us,CPI10,2010,3,30,2.3340633333333334,2.3,0.4537706503201304,0.5775000000000001
us,CPI10,2010,4,40,2.3464300000000002,2.2,0.7249127276208265,0.7000000000000002
us,CPI10,2011,1,36,2.2907166666666665,2.3,0.5529454457720038,0.5
us,CPI10,2011,2,35,2.573942857142857,2.4,0.8366496006607033,0.5827
us,CPI10,2011,3,29,2.5334241379310347,2.4,0.8584230657162555,0.5
us,CPI10,2011,4,40,2.4877825,2.5,0.5693569084265835,0.5825000000000005
us,CPI10,2012,1,37,2.488018918918919,2.3,0.8388632559196596,0.6000000000000001
us,CPI10,2012,2,33,2.4387909090909092,2.48,0.5315084632226215,0.5
us,CPI10,2012,3,40,2.4479925000000002,2.3499999999999996,0.573662749306862,0.6000000000000001
us,CPI10,2012,4,34,2.34004705882353,2.3,0.4319175014066811,0.3999999999999999
us,CPI10,2013,1,39,2.3261641025641024,2.3,0.4453518854067619,0.47499999999999964
us,CPI10,2013,2,38,2.2767421052631573,2.3,0.4328377803810312,0.5711750000000002
us,CPI10,2013,3,34,2.2159882352941174,2.205,0.3905473732679409,0.5
us,CPI10,2013,4,38,2.219492105263158,2.3,0.3842313157331696,0.5
us,CPI10,2014,1,40,2.2944225000000005,2.3,0.3921262993079836,0.4249999999999998
us,CPI10,2014,2,38,2.276684210526316,2.25,0.342579877863437,0.4750000000000001
us,CPI10,2014,3,39,2.274346153846154,2.2,0.39330918121026803,0.5
us,CPI10,2014,4,36,2.1880555555555556,2.2,0.3080128415174967,0.40249999999999986
us,CPI10,2015,1,33,2.1433424242424244,2.1,0.30896406650926156,0.2999999999999998
us,CPI10,2015,2,38,2.1815342105263156,2.135,0.39615840489756304,0.2999999999999998
us,CPI10,2015,3,36,2.2392777777777777,2.1500000000000004,0.2881912669551358,0.5
us,CPI10,2015,4,35,2.184551428571429,2.15,0.3724527821407295,0.3434999999999997
us,CPI10,2016,1,35,2.2121571428571425,2.12,0.31223454917334015,0.3999999999999999
us,CPI10,2016,2,35,2.2369285714285714,2.2,0.32235166453774067,0.3668499999999999
us,CPI10,2016,3,34,2.207176470588235,2.1500000000000004,0.3748304829449461,0.3999999999999999
us,CPI10,2016,4,34,2.233238235294118,2.2161,0.24980164132549784,0.393675
us,CPI10,2017,1,31,2.419045161290323,2.3,0.43534347806355517,0.34499999999999975
us,CPI10,2017,2,31,2.3387451612903227,2.3,0.3331500080931608,0.3173499999999998
us,CPI10,2017,3,33,2.2654939393939393,2.25,0.25305409740235624,0.2999999999999998
us,CPI10,2017,4,34,2.2042470588235292,2.2,0.19164878741687902,0.28749999999999964
us,CPI10,2018,1,31,2.2868741935483867,2.25,0.29782538616639326,0.32499999999999973
us,CPI10,2018,2,28,2.31765,2.3,0.30584870442753226,0.2745000000000002
us,CPI10,2018,3,30,2.26945,2.2,0.2833336071330658,0.19999999999999973
us,CPI10,2018,4,30,2.24246,2.21,0.18286037183109655,0.2749999999999999
us,CPI10,2019,1,31,2.2225032258064514,2.2,0.2655872681233935,0.2999999999999998
us,CPI10,2019,2,32,2.2002468750000004,2.2,0.2162753963970325,0.22499999999999964
us,CPI10,2019,3,28,2.2030678571428575,2.2,0.24120516248632184,0.2999999999999998
us,CPI10,2019,4,27,2.1650037037037033,2.2,0.16601784075000323,0.2999999999999998
us,CPI10,2020,1,28,2.2323357142857145,2.2,0.25661190211461027,0.21499999999999986
us,CPI10,2020,2,34,2.097902941176471,2.135,0.28707058416723513,0.375
us,CPI10,2020,3,27,2.0732925925925927,2.03,0.272007670884376,0.3500000000000001
us,CPI10,2020,4,25,2.144796,2.12,0.2150464784645403,0.2599999999999998
us,CPI10,2021,1,29,2.2384068965517243,2.2,0.20851664361634212,0.2999999999999998
us,CPI10,2021,2,28,2.353214285714286,2.3,0.30992297216768017,0.2999999999999998
us,CPI10,2021,3,28,2.4615499999999995,2.4367,0.2604705350507608,0.3250000000000002
us,CPI10,2021,4,28,2.5814464285714287,2.55,0.38261672872194646,0.5249999999999999
us,CPI10,2022,1,26,2.490123076923077,2.49815,0.361296825679598,0.39827499999999993
us,CPI10,2022,2,23,2.7798565217391307,2.8,0.577859467679947,0.42500000000000027
us,CPI10,2022,3,27,2.887181481481482,2.8,0.4917202425684415,0.44999999999999973
us,CPI10,2022,4,27,3.0650222222222223,2.95,0.49422707124227616,0.40000000000000036
us,CPI10,2023,1,28,2.440182142857143,2.37,0.3470551072194299,0.3999999999999999
us,CPI10,2023,2,28,2.405975,2.3554500000000003,0.23374377809108907,0.2999999999999998
us,CPI10,2023,3,28,2.416871428571429,2.4,0.30372695444616504,0.3999999999999999
us,CPI10,2023,4,25,2.4318,2.4,0.25899239853709993,0.26000000000000023
us,CPI10,2024,1,27,2.2595444444444444,2.24,0.19387138149841138,0.2899999999999996
us,CPI10,2024,2,28,2.4125964285714288,2.325,0.2536670119462431,0.2825000000000002
us,CPI10,2024,3,27,2.289896296296296,2.3,0.2093030017085673,0.24384999999999968
us,CPI10,2024,4,26,2.273942307692308,2.225,0.1864572061853913,0.21327500000000033
us,CPI10,2025,1,31,2.3811,2.3,0.2996486631595965,0.2999999999999998
us,CPI10,2025,2,29,2.416803448275862,2.3492,0.17518116843256587,0.25
us,CPI10,2025,3,28,2.4078464285714283,2.3049999999999997,0.320264942962036,0.3849999999999998
us,CPI10,2025,4,26,2.403153846153846,2.38,0.31548182607658304,0.2999999999999998
us,CPI10,2026,1,27,2.3416814814814817,2.3,0.22186958580529487,0.2999999999999998
us,CPI10,2026,2,26,2.470596153846154,2.4,0.29865137331781244,0.380525
us,CPI10,2026,3,25,2.429352,2.3,0.2607705602632322,0.30000000000000027
us,PCE10,2007,1,42,2.1197809523809523,2.0,0.38514142555315917,0.3999999999999999
us,PCE10,2007,2,47,2.2178723404255316,2.0,0.4079798384309481,0.3999999999999999
us,PCE10,2007,3,42,2.2114285714285713,2.1,0.41481451293243443,0.5375000000000001
us,PCE10,2007,4,43,2.1753372093023255,2.1,0.394085601060804,0.5002499999999999
us,PCE10,2008,1,41,2.246965853658536,2.2,0.4351526718346999,0.3999999999999999
us,PCE10,2008,2,38,2.275,2.2,0.4695584469851811,0.3999999999999999
us,PCE10,2008,3,36,2.248888888888889,2.2,0.4633590263516912,0.3999999999999999
us,PCE10,2008,4,43,2.308372093023256,2.2,0.5748247361569402,0.5499999999999998
us,PCE10,2009,1,36,2.1667444444444444,2.2,0.6046207380047404,0.815
us,PCE10,2009,2,42,2.2076190476190476,2.275,0.6646503189329014,0.7875000000000001
us,PCE10,2009,3,28,2.3090321428571428,2.1500000000000004,0.6250656848764399,0.5249999999999999
us,PCE10,2009,4,31,2.106045161290323,2.1,0.48952785881820843,0.5499999999999998
us,PCE10,2010,1,31,2.120461290322581,2.1,0.5360664378460437,0.5149999999999999
us,PCE10,2010,2,37,2.1615351351351353,2.15,0.6029481976165191,0.5999999999999999
us,PCE10,2010,3,30,2.1028566666666664,2.105,0.44344543161035277,0.675
us,PCE10,2010,4,36,2.191297222222222,2.0,0.7233782513757875,0.7249999999999999
us,PCE10,2011,1,34,2.084155882352941,2.1,0.5130080176532045,0.4750000000000001
us,PCE10,2011,2,31,2.396767741935484,2.2692,0.8175532016886715,0.5749999999999997
us,PCE10,2011,3,26,2.335253846153846,2.25,0.8006208062401422,0.5
us,PCE10,2011,4,36,2.2517666666666667,2.1550000000000002,0.5904909990846601,0.625
us,PCE10,2012,1,34,2.248770588235294,2.1500000000000004,0.7591781088301454,0.4750000000000001
us,PCE10,2012,2,32,2.20371875,2.2,0.46515530700734437,0.5655000000000001
us,PCE10,2012,3,39,2.2116974358974355,2.2,0.48264414617330403,0.5
us,PCE10,2012,4,33,2.1154,2.1,0.3732742515564126,0.4591000000000003
us,PCE10,2013,1,37,2.117286486486487,2.0,0.3989030675644301,0.5
us,PCE10,2013,2,36,2.0869805555555554,2.0,0.39491223243322915,0.5411249999999999
us,PCE10,2013,3,32,2.040375,2.0,0.3720879223187496,0.5624999999999998
us,PCE10,2013,4,36,2.033494444444444,2.0,0.33533123662129694,0.4999999999999998
us,PCE10,2014,1,37,2.0591891891891887,2.0,0.365335356429757,0.3999999999999999
us,PCE10,2014,2,37,2.054986486486486,2.0,0.31666183870193465,0.48119999999999985
us,PCE10,2014,3,36,2.048388888888889,2.0,0.3512143861174724,0.3999999999999999
us,PCE10,2014,4,33,2.0081333333333333,2.0,0.27974100931337664,0.3500000000000001
us,PCE10,2015,1,31,1.9428419354838713,2.0,0.26306301117690867,0.20694999999999997
us,PCE10,2015,2,36,2.0024388888888884,1.975,0.430164343529824,0.3180750000000001
us,PCE10,2015,3,34,2.0301323529411763,2.0,0.2842640500198536,0.40000000000000013
us,PCE10,2015,4,34,1.9791,1.9,0.3782856368279174,0.3274250000000001
us,PCE10,2016,1,34,1.9982441176470587,1.9729999999999999,0.25301192592705796,0.29015000000000013
us,PCE10,2016,2,34,2.062170588235294,2.0,0.3459015690516173,0.30000000000000027
us,PCE10,2016,3,31,2.004045161290323,2.0,0.3328676361946389,0.3473000000000004
us,PCE10,2016,4,31,2.0248129032258064,2.0,0.22770784314106748,0.3307500000000001
us,PCE10,2017,1,28,2.1931035714285714,2.1,0.4819601185914643,0.20000000000000018
us,PCE10,2017,2,28,2.110910714285714,2.0875000000000004,0.25316332210399306,0.2742500000000003
us,PCE10,2017,3,32,2.015421875,2.0,0.19823548677198488,0.2792499999999998
us,PCE10,2017,4,33,1.9958,2.0,0.1411056984143447,0.20000000000000018
us,PCE10,2018,1,31,2.069474193548387,2.0,0.21525405295099087,0.13500000000000023
us,PCE10,2018,2,29,2.101,2.0,0.24536563969483816,0.20000000000000018
us,PCE10,2018,3,29,2.0897275862068967,2.0,0.20670230991962418,0.10999999999999988
us,PCE10,2018,4,30,2.0792266666666666,2.005,0.15950968608214044,0.13999999999999968
us,PCE10,2019,1,30,2.0567799999999994,2.0,0.20190983375139812,0.1579250000000001
us,PCE10,2019,2,32,2.05563125,2.0,0.2955764891316956,0.125
us,PCE10,2019,3,27,2.031251851851852,2.0,0.2902004895430987,0.1399999999999999
us,PCE10,2019,4,27,1.9952407407407406,2.0,0.15231049829784518,0.17500000000000027
us,PCE10,2020,1,28,2.020567857142857,2.0,0.18721294085844528,0.2200000000000002
us,PCE10,2020,2,34,1.8655882352941178,1.865,0.26969332950336317,0.2875000000000001
us,PCE10,2020,3,27,1.887459259259259,1.85,0.2312427683014928,0.25
us,PCE10,2020,4,25,1.951952,1.9,0.15614443666042024,0.13749999999999996
us,PCE10,2021,1,29,2.069665517241379,2.0262,0.2050948043429499,0.20000000000000018
us,PCE10,2021,2,28,2.2082142857142855,2.1,0.30967191206451566,0.23249999999999993
us,PCE10,2021,3,28,2.2445464285714287,2.2,0.2364586354588658,0.355
us,PCE10,2021,4,27,2.3062,2.3,0.32216870401414516,0.5
us,PCE10,2022,1,25,2.250432,2.2,0.3550944460280955,0.3999999999999999
us,PCE10,2022,2,23,2.464052173913043,2.4,0.4545781549660433,0.30000000000000027
us,PCE10,2022,3,27,2.4824370370370366,2.45,0.4159880399058719,0.3500000000000001
us,PCE10,2022,4,26,2.613373076923077,2.575,0.39690590679171533,0.4500000000000002
us,PCE10,2023,1,27,2.228022222222222,2.15,0.2979883817215457,0.2027000000000001
us,PCE10,2023,2,27,2.189011111111111,2.2,0.22641827925211155,0.25
us,PCE10,2023,3,27,2.252062962962963,2.2,0.3184434246916471,0.19999999999999973
us,PCE10,2023,4,25,2.229956,2.22,0.21444148012919512,0.26439999999999975
us,PCE10,2024,1,27,2.033440740740741,2.0,0.15140685194143233,0.13000000000000012
us,PCE10,2024,2,28,2.1627392857142858,2.1,0.19804829066797808,0.12749999999999995
us,PCE10,2024,3,27,2.108677777777778,2.1,0.16155401176680423,0.14000000000000057
us,PCE10,2024,4,25,2.12908,2.1,0.17735435574013964,0.20000000000000018
us,PCE10,2025,1,31,2.195441935483871,2.11,0.28739428175034326,0.10000000000000009
us,PCE10,2025,2,29,2.2184655172413796,2.2,0.16743656853494884,0.1499999999999999
us,PCE10,2025,3,28,2.2372607142857146,2.2,0.2923689441623067,0.1625000000000001
us,PCE10,2025,4,26,2.2467346153846153,2.2,0.30065692201219346,0.20250000000000012
us,PCE10,2026,1,28,2.170364285714286,2.2,0.2200457986239762,0.20000000000000018
us,PCE10,2026,2,26,2.3450615384615388,2.21715,0.34614377599711144,0.1875
us,PCE10,2026,3,25,2.288868,2.2,0.24837419303676994,0.10969999999999969
us,RGDP10,1992,1,36,2.613888888888889,2.5,0.4605293710365297,0.5249999999999999
us,RGDP10,1993,1,31,2.8483870967741933,2.7,0.5679618342470647,0.5
us,RGDP10,1994,1,26,2.7807692307692307,2.6500000000000004,0.348733973990755,0.4750000000000001
us,RGDP10,1995,1,28,2.707142857142857,2.7,0.2053516792463898,0.2999999999999998
us,RGDP10,1996,1,38,2.391578947368421,2.3,0.38599486284068935,0.46750000000000025
us,RGDP10,1997,1,36,2.426111111111111,2.5,0.25989314043361056,0.2999999999999998
us,RGDP10,1998,1,31,2.5548387096774197,2.5,0.25144742283748484,0.40000000000000036
us,RGDP10,1999,1,31,2.624193548387097,2.5,0.34444906922551344,0.34999999999999964
us,RGDP10,2000,1,34,3.097058823529412,3.05,0.40036747825848545,0.4750000000000001
us,RGDP10,2001,1,33,3.3000000000000003,3.3,0.4242640687119285,0.5
us,RGDP10,2002,1,33,3.074242424242424,3.0,0.3338041182998487,0.20000000000000018
us,RGDP10,2003,1,34,3.2058823529411766,3.2,0.4126346806548674,0.5
us,RGDP10,2004,1,27,3.37962962962963,3.4,0.38562119197951716,0.34999999999999964
us,RGDP10,2005,1,33,3.2551515151515154,3.3,0.4484356225544059,0.5
us,RGDP10,2006,1,49,3.189183673469388,3.2,0.300553910407475,0.3999999999999999
us,RGDP10,2007,1,44,3.0096727272727275,3.0,0.22253437922391917,0.39250000000000007
us,RGDP10,2008,1,43,2.700279069767442,2.75,0.2257885995668341,0.2999999999999998
us,RGDP10,2009,1,37,2.576762162162162,2.56,0.383553420407518,0.5
us,RGDP10,2010,1,34,2.7193529411764708,2.7,0.36887502049971227,0.375
us,RGDP10,2011,1,34,2.927941176470588,2.835,0.4754377849351359,0.4750000000000001
us,RGDP10,2012,1,37,2.6700000000000004,2.64,0.4112244588488816,0.3999999999999999
us,RGDP10,2013,1,37,2.573772972972973,2.5,0.3470104646586073,0.3703999999999996
us,RGDP10,2014,1,38,2.5682894736842097,2.6,0.39419140006626474,0.38375000000000004
us,RGDP10,2015,1,28,2.5135107142857143,2.5,0.28303342210611904,0.37622500000000025
us,RGDP10,2016,1,28,2.2301499999999996,2.275,0.30938966261550066,0.3999999999999999
us,RGDP10,2017,1,28,2.3277642857142857,2.45,0.3428039016311585,0.43962499999999993
us,RGDP10,2018,1,27,2.1630185185185185,2.15,0.3815412186998301,0.6092500000000003
us,RGDP10,2019,1,28,2.0502821428571427,1.9849999999999999,0.3363822880940467,0.4999999999999998
us,RGDP10,2020,1,27,2.032707407407407,2.0,0.2719701410731105,0.40000000000000013
us,RGDP10,2021,1,29,2.268637931034483,2.25,0.3276597259503405,0.5
us,RGDP10,2022,1,24,2.2493125,2.275,0.31851318355419145,0.49212500000000015
us,RGDP10,2023,1,25,1.95916,2.0,0.33109561559565637,0.4089999999999998
us,RGDP10,2024,1,24,1.9807333333333332,2.0,0.2964265414782449,0.46250000000000013
us,RGDP10,2025,1,30,2.1043499999999997,2.1,0.17774627936355297,0.20000000000000018
us,RGDP10,2026,1,25,2.100984,2.1,0.2044482140624695,0.20000000000000018
