KEY,FREQ,ADJUSTMENT,REF_AREA,COUNTERPART_AREA,REF_SECTOR,COUNTERPART_SECTOR,ACCOUNTING_ENTRY,STO,INSTR_ASSET,ACTIVITY,EXPENDITURE,UNIT_MEASURE,PRICES,TRANSFORMATION,TIME_PERIOD,OBS_VALUE,OBS_STATUS,CONF_STATUS,PRE_BREAK_VALUE,COMMENT_OBS,EMBARGO_DATE,TIME_FORMAT,COMMENT_TS,COMPILING_ORG,CURRENCY,DATA_COMP,DECIMALS,DISS_ORG,LAST_UPDATE,REF_PERIOD_DETAIL,REF_YEAR_PRICE,REPYEAREND,REPYEARSTART,TABLE_IDENTIFIER,TIME_PER_COLLECT,TITLE,TITLE_COMPL,UNIT_MULT,COMMENT_DSET
MNA.Q.Y.I9.W2.S1.S1.B.B1GQ._Z._Z._Z.EUR.LR.GY,Q,Y,I9,W2,S1,S1,B,B1GQ,_Z,_Z,_Z,EUR,LR,GY,1996-Q1,1.4475338667886861,A,F,,,,P3M,"Gross domestic product at market prices - Euro area 20 (fixed composition) as of 1 January 2023 - Domestic (home or reference area), Total economy, Euro, Chain linked volume (rebased), Growth rate, over 1 year, Calendar and seasonally adjusted data",4F0,,YTYPCT(MNA.Q.Y.I9.W2.S1.S1.B.B1GQ._Z._Z._Z.EUR.LR.N),1,,,,2020,,,,S,"Real GDP (volume), annual growth",,1,
MNA.Q.Y.I9.W2.S1.S1.B.B1GQ._Z._Z._Z.EUR.LR.GY,Q,Y,I9,W2,S1,S1,B,B1GQ,_Z,_Z,_Z,EUR,LR,GY,1996-Q2,1.4342580106833092,A,F,,,,P3M,"Gross domestic product at market prices - Euro area 20 (fixed composition) as of 1 January 2023 - Domestic (home or reference area), Total economy, Euro, Chain linked volume (rebased), Growth rate, over 1 year, Calendar and seasonally adjusted data",4F0,,YTYPCT(MNA.Q.Y.I9.W2.S1.S1.B.B1GQ._Z._Z._Z.EUR.LR.N),1,,,,2020,,,,S,"Real GDP (volume), annual growth",,1,
MNA.Q.Y.I9.W2.S1.S1.B.B1GQ._Z._Z._Z.EUR.LR.GY,Q,Y,I9,W2,S1,S1,B,B1GQ,_Z,_Z,_Z,EUR,LR,GY,1996-Q3,1.6528412938217718,A,F,,,,P3M,"Gross domestic product at market prices - Euro area 20 (fixed composition) as of 1 January 2023 - Domestic (home or reference area), Total economy, Euro, Chain linked volume (rebased), Growth rate, over 1 year, Calendar and seasonally adjusted data",4F0,,YTYPCT(MNA.Q.Y.I9.W2.S1.S1.B.B1GQ._Z._Z._Z.EUR.LR.N),1,,,,2020,,,,S,"Real GDP (volume), annual growth",,1,
MNA.Q.Y.I9.W2.S1.S1.B.B1GQ._Z._Z._Z.EUR.LR.GY,Q,Y,I9,W2,S1,S1,B,B1GQ,_Z,_Z,_Z,EUR,LR,GY,1996-Q4,1.9882990592558825,A,F,,,,P3M,"Gross domestic product at market prices - Euro area 20 (fixed composition) as of 1 January 2023 - Domestic (home or reference area), Total economy, Euro, Chain linked volume (rebased), Growth rate, over 1 year, Calendar and seasonally adjusted data",4F0,,YTYPCT(MNA.Q.Y.I9.W2.S1.S1.B.B1GQ._Z._Z._Z.EUR.LR.N),1,,,,2020,,,,S,"Real GDP (volume), annual growth",,1,
MNA.Q.Y.I9.W2.S1.S1.B.B1GQ._Z._Z._Z.EUR.LR.GY,Q,Y,I9,W2,S1,S1,B,B1GQ,_Z,_Z,_Z,EUR,LR,GY,1997-Q1,2.1303287544060856,A,F,,,,P3M,"Gross domestic product at market prices - Euro area 20 (fixed composition) as of 1 January 2023 - Domestic (home or reference area), Total economy, Euro, Chain linked volume (rebased), Growth rate, over 1 year, Calendar and seasonally adjusted data",4F0,,YTYPCT(MNA.Q.Y.I9.W2.S1.S1.B.B1GQ._Z._Z._Z.EUR.LR.N),1,,,,2020,,,,S,"Real GDP (volume), annual growth",,1,
MNA.Q.Y.I9.W2.S1.S1.B.B1GQ._Z._Z._Z.EUR.LR.GY,Q,Y,I9,W2,S1,S1,B,B1GQ,_Z,_Z,_Z,EUR,LR,GY,1997-Q2,2.5522541209404004,A,F,,,,P3M,"Gross domestic product at market prices - Euro area 20 (fixed composition) as of 1 January 2023 - Domestic (home or reference area), Total economy, Euro, Chain linked volume (rebased), Growth rate, over 1 year, Calendar and seasonally adjusted data",4F0,,YTYPCT(MNA.Q.Y.I9.W2.S1.S1.B.B1GQ._Z._Z._Z.EUR.LR.N),1,,,,2020,,,,S,"Real GDP (volume), annual growth",,1,
MNA.Q.Y.I9.W2.S1.S1.B.B1GQ._Z._Z._Z.EUR.LR.GY,Q,Y,I9,W2,S1,S1,B,B1GQ,_Z,_Z,_Z,EUR,LR,GY,1997-Q3,2.86507060246739,A,F,,,,P3M,"Gross domestic product at market prices - Euro area 20 (fixed composition) as of 1 January 2023 - Domestic (home or reference area), Total economy, Euro, Chain linked volume (rebased), Growth rate, over 1 year, Calendar and seasonally adjusted data",4F0,,YTYPCT(MNA.Q.Y.I9.W2.S1.S1.B.B1GQ._Z._Z._Z.EUR.LR.N),1,,,,2020,,,,S,"Real GDP (volume), annual growth",,1,
MNA.Q.Y.I9.W2.S1.S1.B.B1GQ._Z._Z._Z.EUR.LR.GY,Q,Y,I9,W2,S1,S1,B,B1GQ,_Z,_Z,_Z,EUR,LR,GY,1997-Q4,3.3692468258464503,A,F,,,,P3M,"Gross domestic product at market prices - Euro area 20 (fixed composition) as of 1 January 2023 - Domestic (home or reference area), Total economy, Euro, Chain linked volume (rebased), Growth rate, over 1 year, Calendar and seasonally adjusted data",4F0,,YTYPCT(MNA.Q.Y.I9.W2.S1.S1.B.B1GQ._Z._Z._Z.EUR.LR.N),1,,,,2020,,,,S,"Real GDP (volume), annual growth",,1,
MNA.Q.Y.I9.W2.S1.S1.B.B1GQ._Z._Z._Z.EUR.LR.GY,Q,Y,I9,W2,S1,S1,B,B1GQ,_Z,_Z,_Z,EUR,LR,GY,1998-Q1,3.804361686768565,A,F,,,,P3M,"Gross domestic product at market prices - Euro area 20 (fixed composition) as of 1 January 2023 - Domestic (home or reference area), Total economy, Euro, Chain linked volume (rebased), Growth rate, over 1 year, Calendar and seasonally adjusted data",4F0,,YTYPCT(MNA.Q.Y.I9.W2.S1.S1.B.B1GQ._Z._Z._Z.EUR.LR.N),1,,,,2020,,,,S,"Real GDP (volume), annual growth",,1,
MNA.Q.Y.I9.W2.S1.S1.B.B1GQ._Z._Z._Z.EUR.LR.GY,Q,Y,I9,W2,S1,S1,B,B1GQ,_Z,_Z,_Z,EUR,LR,GY,1998-Q2,2.9719355760293054,A,F,,,,P3M,"Gross domestic product at market prices - Euro area 20 (fixed composition) as of 1 January 2023 - Domestic (home or reference area), Total economy, Euro, Chain linked volume (rebased), Growth rate, over 1 year, Calendar and seasonally adjusted data",4F0,,YTYPCT(MNA.Q.Y.I9.W2.S1.S1.B.B1GQ._Z._Z._Z.EUR.LR.N),1,,,,2020,,,,S,"Real GDP (volume), annual growth",,1,
MNA.Q.Y.I9.W2.S1.S1.B.B1GQ._Z._Z._Z.EUR.LR.GY,Q,Y,I9,W2,S1,S1,B,B1GQ,_Z,_Z,_Z,EUR,LR,GY,1998-Q3,2.7120971415110606,A,F,,,,P3M,"Gross domestic product at market prices - Euro area 20 (fixed composition) as of 1 January 2023 - Domestic (home or reference area), Total economy, Euro, Chain linked volume (rebased), Growth rate, over 1 year, Calendar and seasonally adjusted data",4F0,,YTYPCT(MNA.Q.Y.I9.W2.S1.S1.B.B1GQ._Z._Z._Z.EUR.LR.N),1,,,,2020,,,,S,"Real GDP (volume), annual growth",,1,
MNA.Q.Y.I9.W2.S1.S1.B.B1GQ._Z._Z._Z.EUR.LR.GY,Q,Y,I9,W2,S1,S1,B,B1GQ,_Z,_Z,_Z,EUR,LR,GY,1998-Q4,1.9478474612777408,A,F,,,,P3M,"Gross domestic product at market prices - Euro area 20 (fixed composition) as of 1 January 2023 - Domestic (home or reference area), Total economy, Euro, Chain linked volume (rebased), Growth rate, over 1 year, Calendar and seasonally adjusted data",4F0,,YTYPCT(MNA.Q.Y.I9.W2.S1.S1.B.B1GQ._Z._Z._Z.EUR.LR.N),1,,,,2020,,,,S,"Real GDP (volume), annual growth",,1,
MNA.Q.Y.I9.W2.S1.S1.B.B1GQ._Z._Z._Z.EUR.LR.GY,Q,Y,I9,W2,S1,S1,B,B1GQ,_Z,_Z,_Z,EUR,LR,GY,1999-Q1,2.238063865567752,A,F,,,,P3M,"Gross domestic product at market prices - Euro area 20 (fixed composition) as of 1 January 2023 - Domestic (home or reference area), Total economy, Euro, Chain linked volume (rebased), Growth rate, over 1 year, Calendar and seasonally adjusted data",4F0,,YTYPCT(MNA.Q.Y.I9.W2.S1.S1.B.B1GQ._Z._Z._Z.EUR.LR.N),1,,,,2020,,,,S,"Real GDP (volume), annual growth",,1,
MNA.Q.Y.I9.W2.S1.S1.B.B1GQ._Z._Z._Z.EUR.LR.GY,Q,Y,I9,W2,S1,S1,B,B1GQ,_Z,_Z,_Z,EUR,LR,GY,1999-Q2,2.334904232426527,A,F,,,,P3M,"Gross domestic product at market prices - Euro area 20 (fixed composition) as of 1 January 2023 - Domestic (home or reference area), Total economy, Euro, Chain linked volume (rebased), Growth rate, over 1 year, Calendar and seasonally adjusted data",4F0,,YTYPCT(MNA.Q.Y.I9.W2.S1.S1.B.B1GQ._Z._Z._Z.EUR.LR.N),1,,,,2020,,,,S,"Real GDP (volume), annual growth",,1,
MNA.Q.Y.I9.W2.S1.S1.B.B1GQ._Z._Z._Z.EUR.LR.GY,Q,Y,I9,W2,S1,S1,B,B1GQ,_Z,_Z,_Z,EUR,LR,GY,1999-Q3,3.132700570776281,A,F,,,,P3M,"Gross domestic product at market prices - Euro area 20 (fixed composition) as of 1 January 2023 - Domestic (home or reference area), Total economy, Euro, Chain linked volume (rebased), Growth rate, over 1 year, Calendar and seasonally adjusted data",4F0,,YTYPCT(MNA.Q.Y.I9.W2.S1.S1.B.B1GQ._Z._Z._Z.EUR.LR.N),1,,,,2020,,,,S,"Real GDP (volume), annual growth",,1,
MNA.Q.Y.I9.W2.S1.S1.B.B1GQ._Z._Z._Z.EUR.LR.GY,Q,Y,I9,W2,S1,S1,B,B1GQ,_Z,_Z,_Z,EUR,LR,GY,1999-Q4,3.917544982021637,A,F,,,,P3M,"Gross domestic product at market prices - Euro area 20 (fixed composition) as of 1 January 2023 - Domestic (home or reference area), Total economy, Euro, Chain linked volume (rebased), Growth rate, over 1 year, Calendar and seasonally adjusted data",4F0,,YTYPCT(MNA.Q.Y.I9.W2.S1.S1.B.B1GQ._Z._Z._Z.EUR.LR.N),1,,,,2020,,,,S,"Real GDP (volume), annual growth",,1,
MNA.Q.Y.I9.W2.S1.S1.B.B1GQ._Z._Z._Z.EUR.LR.GY,Q,Y,I9,W2,S1,S1,B,B1GQ,_Z,_Z,_Z,EUR,LR,GY,2000-Q1,4.180708001870226,A,F,,,,P3M,"Gross domestic product at market prices - Euro area 20 (fixed composition) as of 1 January 2023 - Domestic (home or reference area), Total economy, Euro, Chain linked volume (rebased), Growth rate, over 1 year, Calendar and seasonally adjusted data",4F0,,YTYPCT(MNA.Q.Y.I9.W2.S1.S1.B.B1GQ._Z._Z._Z.EUR.LR.N),1,,,,2020,,,,S,"Real GDP (volume), annual growth",,1,
MNA.Q.Y.I9.W2.S1.S1.B.B1GQ._Z._Z._Z.EUR.LR.GY,Q,Y,I9,W2,S1,S1,B,B1GQ,_Z,_Z,_Z,EUR,LR,GY,2000-Q2,4.639446936100433,A,F,,,,P3M,"Gross domestic product at market prices - Euro area 20 (fixed composition) as of 1 January 2023 - Domestic (home or reference area), Total economy, Euro, Chain linked volume (rebased), Growth rate, over 1 year, Calendar and seasonally adjusted data",4F0,,YTYPCT(MNA.Q.Y.I9.W2.S1.S1.B.B1GQ._Z._Z._Z.EUR.LR.N),1,,,,2020,,,,S,"Real GDP (volume), annual growth",,1,
MNA.Q.Y.I9.W2.S1.S1.B.B1GQ._Z._Z._Z.EUR.LR.GY,Q,Y,I9,W2,S1,S1,B,B1GQ,_Z,_Z,_Z,EUR,LR,GY,2000-Q3,3.977735677515004,A,F,,,,P3M,"Gross domestic product at market prices - Euro area 20 (fixed composition) as of 1 January 2023 - Domestic (home or reference area), Total economy, Euro, Chain linked volume (rebased), Growth rate, over 1 year, Calendar and seasonally adjusted data",4F0,,YTYPCT(MNA.Q.Y.I9.W2.S1.S1.B.B1GQ._Z._Z._Z.EUR.LR.N),1,,,,2020,,,,S,"Real GDP (volume), annual growth",,1,
MNA.Q.Y.I9.W2.S1.S1.B.B1GQ._Z._Z._Z.EUR.LR.GY,Q,Y,I9,W2,S1,S1,B,B1GQ,_Z,_Z,_Z,EUR,LR,GY,2000-Q4,3.378931668462659,A,F,,,,P3M,"Gross domestic product at market prices - Euro area 20 (fixed composition) as of 1 January 2023 - Domestic (home or reference area), Total economy, Euro, Chain linked volume (rebased), Growth rate, over 1 year, Calendar and seasonally adjusted data",4F0,,YTYPCT(MNA.Q.Y.I9.W2.S1.S1.B.B1GQ._Z._Z._Z.EUR.LR.N),1,,,,2020,,,,S,"Real GDP (volume), annual growth",,1,
MNA.Q.Y.I9.W2.S1.S1.B.B1GQ._Z._Z._Z.EUR.LR.GY,Q,Y,I9,W2,S1,S1,B,B1GQ,_Z,_Z,_Z,EUR,LR,GY,2001-Q1,3.1993088731808506,A,F,,,,P3M,"Gross domestic product at market prices - Euro area 20 (fixed composition) as of 1 January 2023 - Domestic (home or reference area), Total economy, Euro, Chain linked volume (rebased), Growth rate, over 1 year, Calendar and seasonally adjusted data",4F0,,YTYPCT(MNA.Q.Y.I9.W2.S1.S1.B.B1GQ._Z._Z._Z.EUR.LR.N),1,,,,2020,,,,S,"Real GDP (volume), annual growth",,1,
MNA.Q.Y.I9.W2.S1.S1.B.B1GQ._Z._Z._Z.EUR.LR.GY,Q,Y,I9,W2,S1,S1,B,B1GQ,_Z,_Z,_Z,EUR,LR,GY,2001-Q2,2.314598354043085,A,F,,,,P3M,"Gross domestic product at market prices - Euro area 20 (fixed composition) as of 1 January 2023 - Domestic (home or reference area), Total economy, Euro, Chain linked volume (rebased), Growth rate, over 1 year, Calendar and seasonally adjusted data",4F0,,YTYPCT(MNA.Q.Y.I9.W2.S1.S1.B.B1GQ._Z._Z._Z.EUR.LR.N),1,,,,2020,,,,S,"Real GDP (volume), annual growth",,1,
MNA.Q.Y.I9.W2.S1.S1.B.B1GQ._Z._Z._Z.EUR.LR.GY,Q,Y,I9,W2,S1,S1,B,B1GQ,_Z,_Z,_Z,EUR,LR,GY,2001-Q3,1.831431051928023,A,F,,,,P3M,"Gross domestic product at market prices - Euro area 20 (fixed composition) as of 1 January 2023 - Domestic (home or reference area), Total economy, Euro, Chain linked volume (rebased), Growth rate, over 1 year, Calendar and seasonally adjusted data",4F0,,YTYPCT(MNA.Q.Y.I9.W2.S1.S1.B.B1GQ._Z._Z._Z.EUR.LR.N),1,,,,2020,,,,S,"Real GDP (volume), annual growth",,1,
MNA.Q.Y.I9.W2.S1.S1.B.B1GQ._Z._Z._Z.EUR.LR.GY,Q,Y,I9,W2,S1,S1,B,B1GQ,_Z,_Z,_Z,EUR,LR,GY,2001-Q4,1.3012144447485108,A,F,,,,P3M,"Gross domestic product at market prices - Euro area 20 (fixed composition) as of 1 January 2023 - Domestic (home or reference area), Total economy, Euro, Chain linked volume (rebased), Growth rate, over 1 year, Calendar and seasonally adjusted data",4F0,,YTYPCT(MNA.Q.Y.I9.W2.S1.S1.B.B1GQ._Z._Z._Z.EUR.LR.N),1,,,,2020,,,,S,"Real GDP (volume), annual growth",,1,
MNA.Q.Y.I9.W2.S1.S1.B.B1GQ._Z._Z._Z.EUR.LR.GY,Q,Y,I9,W2,S1,S1,B,B1GQ,_Z,_Z,_Z,EUR,LR,GY,2002-Q1,0.435012800140111,A,F,,,,P3M,"Gross domestic product at market prices - Euro area 20 (fixed composition) as of 1 January 2023 - Domestic (home or reference area), Total economy, Euro, Chain linked volume (rebased), Growth rate, over 1 year, Calendar and seasonally adjusted data",4F0,,YTYPCT(MNA.Q.Y.I9.W2.S1.S1.B.B1GQ._Z._Z._Z.EUR.LR.N),1,,,,2020,,,,S,"Real GDP (volume), annual growth",,1,
MNA.Q.Y.I9.W2.S1.S1.B.B1GQ._Z._Z._Z.EUR.LR.GY,Q,Y,I9,W2,S1,S1,B,B1GQ,_Z,_Z,_Z,EUR,LR,GY,2002-Q2,0.8580283543178524,A,F,,,,P3M,"Gross domestic product at market prices - Euro area 20 (fixed composition) as of 1 January 2023 - Domestic (home or reference area), Total economy, Euro, Chain linked volume (rebased), Growth rate, over 1 year, Calendar and seasonally adjusted data",4F0,,YTYPCT(MNA.Q.Y.I9.W2.S1.S1.B.B1GQ._Z._Z._Z.EUR.LR.N),1,,,,2020,,,,S,"Real GDP (volume), annual growth",,1,
MNA.Q.Y.I9.W2.S1.S1.B.B1GQ._Z._Z._Z.EUR.LR.GY,Q,Y,I9,W2,S1,S1,B,B1GQ,_Z,_Z,_Z,EUR,LR,GY,2002-Q3,1.0837391709406896,A,F,,,,P3M,"Gross domestic product at market prices - Euro area 20 (fixed composition) as of 1 January 2023 - Domestic (home or reference area), Total economy, Euro, Chain linked volume (rebased), Growth rate, over 1 year, Calendar and seasonally adjusted data",4F0,,YTYPCT(MNA.Q.Y.I9.W2.S1.S1.B.B1GQ._Z._Z._Z.EUR.LR.N),1,,,,2020,,,,S,"Real GDP (volume), annual growth",,1,
MNA.Q.Y.I9.W2.S1.S1.B.B1GQ._Z._Z._Z.EUR.LR.GY,Q,Y,I9,W2,S1,S1,B,B1GQ,_Z,_Z,_Z,EUR,LR,GY,2002-Q4,1.3329529227752657,A,F,,,,P3M,"Gross domestic product at market prices - Euro area 20 (fixed composition) as of 1 January 2023 - Domestic (home or reference area), Total economy, Euro, Chain linked volume (rebased), Growth rate, over 1 year, Calendar and seasonally adjusted data",4F0,,YTYPCT(MNA.Q.Y.I9.W2.S1.S1.B.B1GQ._Z._Z._Z.EUR.LR.N),1,,,,2020,,,,S,"Real GDP (volume), annual growth",,1,
MNA.Q.Y.I9.W2.S1.S1.B.B1GQ._Z._Z._Z.EUR.LR.GY,Q,Y,I9,W2,S1,S1,B,B1GQ,_Z,_Z,_Z,EUR,LR,GY,2003-Q1,0.8363467745307496,A,F,,,,P3M,"Gross domestic product at market prices - Euro area 20 (fixed composition) as of 1 January 2023 - Domestic (home or reference area), Total economy, Euro, Chain linked volume (rebased), Growth rate, over 1 year, Calendar and seasonally adjusted data",4F0,,YTYPCT(MNA.Q.Y.I9.W2.S1.S1.B.B1GQ._Z._Z._Z.EUR.LR.N),1,,,,2020,,,,S,"Real GDP (volume), annual growth",,1,
MNA.Q.Y.I9.W2.S1.S1.B.B1GQ._Z._Z._Z.EUR.LR.GY,Q,Y,I9,W2,S1,S1,B,B1GQ,_Z,_Z,_Z,EUR,LR,GY,2003-Q2,0.4153210190712242,A,F,,,,P3M,"Gross domestic product at market prices - Euro area 20 (fixed composition) as of 1 January 2023 - Domestic (home or reference area), Total economy, Euro, Chain linked volume (rebased), Growth rate, over 1 year, Calendar and seasonally adjusted data",4F0,,YTYPCT(MNA.Q.Y.I9.W2.S1.S1.B.B1GQ._Z._Z._Z.EUR.LR.N),1,,,,2020,,,,S,"Real GDP (volume), annual growth",,1,
MNA.Q.Y.I9.W2.S1.S1.B.B1GQ._Z._Z._Z.EUR.LR.GY,Q,Y,I9,W2,S1,S1,B,B1GQ,_Z,_Z,_Z,EUR,LR,GY,2003-Q3,0.6186765580002751,A,F,,,,P3M,"Gross domestic product at market prices - Euro area 20 (fixed composition) as of 1 January 2023 - Domestic (home or reference area), Total economy, Euro, Chain linked volume (rebased), Growth rate, over 1 year, Calendar and seasonally adjusted data",4F0,,YTYPCT(MNA.Q.Y.I9.W2.S1.S1.B.B1GQ._Z._Z._Z.EUR.LR.N),1,,,,2020,,,,S,"Real GDP (volume), annual growth",,1,
MNA.Q.Y.I9.W2.S1.S1.B.B1GQ._Z._Z._Z.EUR.LR.GY,Q,Y,I9,W2,S1,S1,B,B1GQ,_Z,_Z,_Z,EUR,LR,GY,2003-Q4,1.070876398077747,A,F,,,,P3M,"Gross domestic product at market prices - Euro area 20 (fixed composition) as of 1 January 2023 - Domestic (home or reference area), Total economy, Euro, Chain linked volume (rebased), Growth rate, over 1 year, Calendar and seasonally adjusted data",4F0,,YTYPCT(MNA.Q.Y.I9.W2.S1.S1.B.B1GQ._Z._Z._Z.EUR.LR.N),1,,,,2020,,,,S,"Real GDP (volume), annual growth",,1,
MNA.Q.Y.I9.W2.S1.S1.B.B1GQ._Z._Z._Z.EUR.LR.GY,Q,Y,I9,W2,S1,S1,B,B1GQ,_Z,_Z,_Z,EUR,LR,GY,2004-Q1,1.8776602688833188,A,F,,,,P3M,"Gross domestic product at market prices - Euro area 20 (fixed composition) as of 1 January 2023 - Domestic (home or reference area), Total economy, Euro, Chain linked volume (rebased), Growth rate, over 1 year, Calendar and seasonally adjusted data",4F0,,YTYPCT(MNA.Q.Y.I9.W2.S1.S1.B.B1GQ._Z._Z._Z.EUR.LR.N),1,,,,2020,,,,S,"Real GDP (volume), annual growth",,1,
MNA.Q.Y.I9.W2.S1.S1.B.B1GQ._Z._Z._Z.EUR.LR.GY,Q,Y,I9,W2,S1,S1,B,B1GQ,_Z,_Z,_Z,EUR,LR,GY,2004-Q2,2.460681935735365,A,F,,,,P3M,"Gross domestic product at market prices - Euro area 20 (fixed composition) as of 1 January 2023 - Domestic (home or reference area), Total economy, Euro, Chain linked volume (rebased), Growth rate, over 1 year, Calendar and seasonally adjusted data",4F0,,YTYPCT(MNA.Q.Y.I9.W2.S1.S1.B.B1GQ._Z._Z._Z.EUR.LR.N),1,,,,2020,,,,S,"Real GDP (volume), annual growth",,1,
MNA.Q.Y.I9.W2.S1.S1.B.B1GQ._Z._Z._Z.EUR.LR.GY,Q,Y,I9,W2,S1,S1,B,B1GQ,_Z,_Z,_Z,EUR,LR,GY,2004-Q3,2.0307263301399647,A,F,,,,P3M,"Gross domestic product at market prices - Euro area 20 (fixed composition) as of 1 January 2023 - Domestic (home or reference area), Total economy, Euro, Chain linked volume (rebased), Growth rate, over 1 year, Calendar and seasonally adjusted data",4F0,,YTYPCT(MNA.Q.Y.I9.W2.S1.S1.B.B1GQ._Z._Z._Z.EUR.LR.N),1,,,,2020,,,,S,"Real GDP (volume), annual growth",,1,
MNA.Q.Y.I9.W2.S1.S1.B.B1GQ._Z._Z._Z.EUR.LR.GY,Q,Y,I9,W2,S1,S1,B,B1GQ,_Z,_Z,_Z,EUR,LR,GY,2004-Q4,1.8201530184121628,A,F,,,,P3M,"Gross domestic product at market prices - Euro area 20 (fixed composition) as of 1 January 2023 - Domestic (home or reference area), Total economy, Euro, Chain linked volume (rebased), Growth rate, over 1 year, Calendar and seasonally adjusted data",4F0,,YTYPCT(MNA.Q.Y.I9.W2.S1.S1.B.B1GQ._Z._Z._Z.EUR.LR.N),1,,,,2020,,,,S,"Real GDP (volume), annual growth",,1,
MNA.Q.Y.I9.W2.S1.S1.B.B1GQ._Z._Z._Z.EUR.LR.GY,Q,Y,I9,W2,S1,S1,B,B1GQ,_Z,_Z,_Z,EUR,LR,GY,2005-Q1,1.5579192383704532,A,F,,,,P3M,"Gross domestic product at market prices - Euro area 20 (fixed composition) as of 1 January 2023 - Domestic (home or reference area), Total economy, Euro, Chain linked volume (rebased), Growth rate, over 1 year, Calendar and seasonally adjusted data",4F0,,YTYPCT(MNA.Q.Y.I9.W2.S1.S1.B.B1GQ._Z._Z._Z.EUR.LR.N),1,,,,2020,,,,S,"Real GDP (volume), annual growth",,1,
MNA.Q.Y.I9.W2.S1.S1.B.B1GQ._Z._Z._Z.EUR.LR.GY,Q,Y,I9,W2,S1,S1,B,B1GQ,_Z,_Z,_Z,EUR,LR,GY,2005-Q2,1.5569181154980738,A,F,,,,P3M,"Gross domestic product at market prices - Euro area 20 (fixed composition) as of 1 January 2023 - Domestic (home or reference area), Total economy, Euro, Chain linked volume (rebased), Growth rate, over 1 year, Calendar and seasonally adjusted data",4F0,,YTYPCT(MNA.Q.Y.I9.W2.S1.S1.B.B1GQ._Z._Z._Z.EUR.LR.N),1,,,,2020,,,,S,"Real GDP (volume), annual growth",,1,
MNA.Q.Y.I9.W2.S1.S1.B.B1GQ._Z._Z._Z.EUR.LR.GY,Q,Y,I9,W2,S1,S1,B,B1GQ,_Z,_Z,_Z,EUR,LR,GY,2005-Q3,2.089976477001132,A,F,,,,P3M,"Gross domestic product at market prices - Euro area 20 (fixed composition) as of 1 January 2023 - Domestic (home or reference area), Total economy, Euro, Chain linked volume (rebased), Growth rate, over 1 year, Calendar and seasonally adjusted data",4F0,,YTYPCT(MNA.Q.Y.I9.W2.S1.S1.B.B1GQ._Z._Z._Z.EUR.LR.N),1,,,,2020,,,,S,"Real GDP (volume), annual growth",,1,
MNA.Q.Y.I9.W2.S1.S1.B.B1GQ._Z._Z._Z.EUR.LR.GY,Q,Y,I9,W2,S1,S1,B,B1GQ,_Z,_Z,_Z,EUR,LR,GY,2005-Q4,2.3579888363248758,A,F,,,,P3M,"Gross domestic product at market prices - Euro area 20 (fixed composition) as of 1 January 2023 - Domestic (home or reference area), Total economy, Euro, Chain linked volume (rebased), Growth rate, over 1 year, Calendar and seasonally adjusted data",4F0,,YTYPCT(MNA.Q.Y.I9.W2.S1.S1.B.B1GQ._Z._Z._Z.EUR.LR.N),1,,,,2020,,,,S,"Real GDP (volume), annual growth",,1,
MNA.Q.Y.I9.W2.S1.S1.B.B1GQ._Z._Z._Z.EUR.LR.GY,Q,Y,I9,W2,S1,S1,B,B1GQ,_Z,_Z,_Z,EUR,LR,GY,2006-Q1,3.0436927986193574,A,F,,,,P3M,"Gross domestic product at market prices - Euro area 20 (fixed composition) as of 1 January 2023 - Domestic (home or reference area), Total economy, Euro, Chain linked volume (rebased), Growth rate, over 1 year, Calendar and seasonally adjusted data",4F0,,YTYPCT(MNA.Q.Y.I9.W2.S1.S1.B.B1GQ._Z._Z._Z.EUR.LR.N),1,,,,2020,,,,S,"Real GDP (volume), annual growth",,1,
MNA.Q.Y.I9.W2.S1.S1.B.B1GQ._Z._Z._Z.EUR.LR.GY,Q,Y,I9,W2,S1,S1,B,B1GQ,_Z,_Z,_Z,EUR,LR,GY,2006-Q2,3.5343388515418184,A,F,,,,P3M,"Gross domestic product at market prices - Euro area 20 (fixed composition) as of 1 January 2023 - Domestic (home or reference area), Total economy, Euro, Chain linked volume (rebased), Growth rate, over 1 year, Calendar and seasonally adjusted data",4F0,,YTYPCT(MNA.Q.Y.I9.W2.S1.S1.B.B1GQ._Z._Z._Z.EUR.LR.N),1,,,,2020,,,,S,"Real GDP (volume), annual growth",,1,
MNA.Q.Y.I9.W2.S1.S1.B.B1GQ._Z._Z._Z.EUR.LR.GY,Q,Y,I9,W2,S1,S1,B,B1GQ,_Z,_Z,_Z,EUR,LR,GY,2006-Q3,3.3342590501421965,A,F,,,,P3M,"Gross domestic product at market prices - Euro area 20 (fixed composition) as of 1 January 2023 - Domestic (home or reference area), Total economy, Euro, Chain linked volume (rebased), Growth rate, over 1 year, Calendar and seasonally adjusted data",4F0,,YTYPCT(MNA.Q.Y.I9.W2.S1.S1.B.B1GQ._Z._Z._Z.EUR.LR.N),1,,,,2020,,,,S,"Real GDP (volume), annual growth",,1,
MNA.Q.Y.I9.W2.S1.S1.B.B1GQ._Z._Z._Z.EUR.LR.GY,Q,Y,I9,W2,S1,S1,B,B1GQ,_Z,_Z,_Z,EUR,LR,GY,2006-Q4,3.7995486204150497,A,F,,,,P3M,"Gross domestic product at market prices - Euro area 20 (fixed composition) as of 1 January 2023 - Domestic (home or reference area), Total economy, Euro, Chain linked volume (rebased), Growth rate, over 1 year, Calendar and seasonally adjusted data",4F0,,YTYPCT(MNA.Q.Y.I9.W2.S1.S1.B.B1GQ._Z._Z._Z.EUR.LR.N),1,,,,2020,,,,S,"Real GDP (volume), annual growth",,1,
MNA.Q.Y.I9.W2.S1.S1.B.B1GQ._Z._Z._Z.EUR.LR.GY,Q,Y,I9,W2,S1,S1,B,B1GQ,_Z,_Z,_Z,EUR,LR,GY,2007-Q1,3.5735846530969173,A,F,,,,P3M,"Gross domestic product at market prices - Euro area 20 (fixed composition) as of 1 January 2023 - Domestic (home or reference area), Total economy, Euro, Chain linked volume (rebased), Growth rate, over 1 year, Calendar and seasonally adjusted data",4F0,,YTYPCT(MNA.Q.Y.I9.W2.S1.S1.B.B1GQ._Z._Z._Z.EUR.LR.N),1,,,,2020,,,,S,"Real GDP (volume), annual growth",,1,
MNA.Q.Y.I9.W2.S1.S1.B.B1GQ._Z._Z._Z.EUR.LR.GY,Q,Y,I9,W2,S1,S1,B,B1GQ,_Z,_Z,_Z,EUR,LR,GY,2007-Q2,3.121056073866213,A,F,,,,P3M,"Gross domestic product at market prices - Euro area 20 (fixed composition) as of 1 January 2023 - Domestic (home or reference area), Total economy, Euro, Chain linked volume (rebased), Growth rate, over 1 year, Calendar and seasonally adjusted data",4F0,,YTYPCT(MNA.Q.Y.I9.W2.S1.S1.B.B1GQ._Z._Z._Z.EUR.LR.N),1,,,,2020,,,,S,"Real GDP (volume), annual growth",,1,
MNA.Q.Y.I9.W2.S1.S1.B.B1GQ._Z._Z._Z.EUR.LR.GY,Q,Y,I9,W2,S1,S1,B,B1GQ,_Z,_Z,_Z,EUR,LR,GY,2007-Q3,2.955683903239925,A,F,,,,P3M,"Gross domestic product at market prices - Euro area 20 (fixed composition) as of 1 January 2023 - Domestic (home or reference area), Total economy, Euro, Chain linked volume (rebased), Growth rate, over 1 year, Calendar and seasonally adjusted data",4F0,,YTYPCT(MNA.Q.Y.I9.W2.S1.S1.B.B1GQ._Z._Z._Z.EUR.LR.N),1,,,,2020,,,,S,"Real GDP (volume), annual growth",,1,
MNA.Q.Y.I9.W2.S1.S1.B.B1GQ._Z._Z._Z.EUR.LR.GY,Q,Y,I9,W2,S1,S1,B,B1GQ,_Z,_Z,_Z,EUR,LR,GY,2007-Q4,2.2785813430668655,A,F,,,,P3M,"Gross domestic product at market prices - Euro area 20 (fixed composition) as of 1 January 2023 - Domestic (home or reference area), Total economy, Euro, Chain linked volume (rebased), Growth rate, over 1 year, Calendar and seasonally adjusted data",4F0,,YTYPCT(MNA.Q.Y.I9.W2.S1.S1.B.B1GQ._Z._Z._Z.EUR.LR.N),1,,,,2020,,,,S,"Real GDP (volume), annual growth",,1,
MNA.Q.Y.I9.W2.S1.S1.B.B1GQ._Z._Z._Z.EUR.LR.GY,Q,Y,I9,W2,S1,S1,B,B1GQ,_Z,_Z,_Z,EUR,LR,GY,2008-Q1,2.2231606051734687,A,F,,,,P3M,"Gross domestic product at market prices - Euro area 20 (fixed composition) as of 1 January 2023 - Domestic (home or reference area), Total economy, Euro, Chain linked volume (rebased), Growth rate, over 1 year, Calendar and seasonally adjusted data",4F0,,YTYPCT(MNA.Q.Y.I9.W2.S1.S1.B.B1GQ._Z._Z._Z.EUR.LR.N),1,,,,2020,,,,S,"Real GDP (volume), annual growth",,1,
MNA.Q.Y.I9.W2.S1.S1.B.B1GQ._Z._Z._Z.EUR.LR.GY,Q,Y,I9,W2,S1,S1,B,B1GQ,_Z,_Z,_Z,EUR,LR,GY,2008-Q2,1.0352154731201546,A,F,,,,P3M,"Gross domestic product at market prices - Euro area 20 (fixed composition) as of 1 January 2023 - Domestic (home or reference area), Total economy, Euro, Chain linked volume (rebased), Growth rate, over 1 year, Calendar and seasonally adjusted data",4F0,,YTYPCT(MNA.Q.Y.I9.W2.S1.S1.B.B1GQ._Z._Z._Z.EUR.LR.N),1,,,,2020,,,,S,"Real GDP (volume), annual growth",,1,
MNA.Q.Y.I9.W2.S1.S1.B.B1GQ._Z._Z._Z.EUR.LR.GY,Q,Y,I9,W2,S1,S1,B,B1GQ,_Z,_Z,_Z,EUR,LR,GY,2008-Q3,0.10550592543063786,A,F,,,,P3M,"Gross domestic product at market prices - Euro area 20 (fixed composition) as of 1 January 2023 - Domestic (home or reference area), Total economy, Euro, Chain linked volume (rebased), Growth rate, over 1 year, Calendar and seasonally adjusted data",4F0,,YTYPCT(MNA.Q.Y.I9.W2.S1.S1.B.B1GQ._Z._Z._Z.EUR.LR.N),1,,,,2020,,,,S,"Real GDP (volume), annual growth",,1,
MNA.Q.Y.I9.W2.S1.S1.B.B1GQ._Z._Z._Z.EUR.LR.GY,Q,Y,I9,W2,S1,S1,B,B1GQ,_Z,_Z,_Z,EUR,LR,GY,2008-Q4,-2.1141346729094845,A,F,,,,P3M,"Gross domestic product at market prices - Euro area 20 (fixed composition) as of 1 January 2023 - Domestic (home or reference area), Total economy, Euro, Chain linked volume (rebased), Growth rate, over 1 year, Calendar and seasonally adjusted data",4F0,,YTYPCT(MNA.Q.Y.I9.W2.S1.S1.B.B1GQ._Z._Z._Z.EUR.LR.N),1,,,,2020,,,,S,"Real GDP (volume), annual growth",,1,
MNA.Q.Y.I9.W2.S1.S1.B.B1GQ._Z._Z._Z.EUR.LR.GY,Q,Y,I9,W2,S1,S1,B,B1GQ,_Z,_Z,_Z,EUR,LR,GY,2009-Q1,-5.72544029112324,A,F,,,,P3M,"Gross domestic product at market prices - Euro area 20 (fixed composition) as of 1 January 2023 - Domestic (home or reference area), Total economy, Euro, Chain linked volume (rebased), Growth rate, over 1 year, Calendar and seasonally adjusted data",4F0,,YTYPCT(MNA.Q.Y.I9.W2.S1.S1.B.B1GQ._Z._Z._Z.EUR.LR.N),1,,,,2020,,,,S,"Real GDP (volume), annual growth",,1,
MNA.Q.Y.I9.W2.S1.S1.B.B1GQ._Z._Z._Z.EUR.LR.GY,Q,Y,I9,W2,S1,S1,B,B1GQ,_Z,_Z,_Z,EUR,LR,GY,2009-Q2,-5.253692223027651,A,F,,,,P3M,"Gross domestic product at market prices - Euro area 20 (fixed composition) as of 1 January 2023 - Domestic (home or reference area), Total economy, Euro, Chain linked volume (rebased), Growth rate, over 1 year, Calendar and seasonally adjusted data",4F0,,YTYPCT(MNA.Q.Y.I9.W2.S1.S1.B.B1GQ._Z._Z._Z.EUR.LR.N),1,,,,2020,,,,S,"Real GDP (volume), annual growth",,1,
MNA.Q.Y.I9.W2.S1.S1.B.B1GQ._Z._Z._Z.EUR.LR.GY,Q,Y,I9,W2,S1,S1,B,B1GQ,_Z,_Z,_Z,EUR,LR,GY,2009-Q3,-4.377353139926021,A,F,,,,P3M,"Gross domestic product at market prices - Euro area 20 (fixed composition) as of 1 January 2023 - Domestic (home or reference area), Total economy, Euro, Chain linked volume (rebased), Growth rate, over 1 year, Calendar and seasonally adjusted data",4F0,,YTYPCT(MNA.Q.Y.I9.W2.S1.S1.B.B1GQ._Z._Z._Z.EUR.LR.N),1,,,,2020,,,,S,"Real GDP (volume), annual growth",,1,
MNA.Q.Y.I9.W2.S1.S1.B.B1GQ._Z._Z._Z.EUR.LR.GY,Q,Y,I9,W2,S1,S1,B,B1GQ,_Z,_Z,_Z,EUR,LR,GY,2009-Q4,-2.274090815285812,A,F,,,,P3M,"Gross domestic product at market prices - Euro area 20 (fixed composition) as of 1 January 2023 - Domestic (home or reference area), Total economy, Euro, Chain linked volume (rebased), Growth rate, over 1 year, Calendar and seasonally adjusted data",4F0,,YTYPCT(MNA.Q.Y.I9.W2.S1.S1.B.B1GQ._Z._Z._Z.EUR.LR.N),1,,,,2020,,,,S,"Real GDP (volume), annual growth",,1,
MNA.Q.Y.I9.W2.S1.S1.B.B1GQ._Z._Z._Z.EUR.LR.GY,Q,Y,I9,W2,S1,S1,B,B1GQ,_Z,_Z,_Z,EUR,LR,GY,2010-Q1,1.2068391589359573,A,F,,,,P3M,"Gross domestic product at market prices - Euro area 20 (fixed composition) as of 1 January 2023 - Domestic (home or reference area), Total economy, Euro, Chain linked volume (rebased), Growth rate, over 1 year, Calendar and seasonally adjusted data",4F0,,YTYPCT(MNA.Q.Y.I9.W2.S1.S1.B.B1GQ._Z._Z._Z.EUR.LR.N),1,,,,2020,,,,S,"Real GDP (volume), annual growth",,1,
MNA.Q.Y.I9.W2.S1.S1.B.B1GQ._Z._Z._Z.EUR.LR.GY,Q,Y,I9,W2,S1,S1,B,B1GQ,_Z,_Z,_Z,EUR,LR,GY,2010-Q2,2.147804381423879,A,F,,,,P3M,"Gross domestic product at market prices - Euro area 20 (fixed composition) as of 1 January 2023 - Domestic (home or reference area), Total economy, Euro, Chain linked volume (rebased), Growth rate, over 1 year, Calendar and seasonally adjusted data",4F0,,YTYPCT(MNA.Q.Y.I9.W2.S1.S1.B.B1GQ._Z._Z._Z.EUR.LR.N),1,,,,2020,,,,S,"Real GDP (volume), annual growth",,1,
MNA.Q.Y.I9.W2.S1.S1.B.B1GQ._Z._Z._Z.EUR.LR.GY,Q,Y,I9,W2,S1,S1,B,B1GQ,_Z,_Z,_Z,EUR,LR,GY,2010-Q3,2.230324965134045,A,F,,,,P3M,"Gross domestic product at market prices - Euro area 20 (fixed composition) as of 1 January 2023 - Domestic (home or reference area), Total economy, Euro, Chain linked volume (rebased), Growth rate, over 1 year, Calendar and seasonally adjusted data",4F0,,YTYPCT(MNA.Q.Y.I9.W2.S1.S1.B.B1GQ._Z._Z._Z.EUR.LR.N),1,,,,2020,,,,S,"Real GDP (volume), annual growth",,1,
MNA.Q.Y.I9.W2.S1.S1.B.B1GQ._Z._Z._Z.EUR.LR.GY,Q,Y,I9,W2,S1,S1,B,B1GQ,_Z,_Z,_Z,EUR,LR,GY,2010-Q4,2.3703542472226724,A,F,,,,P3M,"Gross domestic product at market prices - Euro area 20 (fixed composition) as of 1 January 2023 - Domestic (home or reference area), Total economy, Euro, Chain linked volume (rebased), Growth rate, over 1 year, Calendar and seasonally adjusted data",4F0,,YTYPCT(MNA.Q.Y.I9.W2.S1.S1.B.B1GQ._Z._Z._Z.EUR.LR.N),1,,,,2020,,,,S,"Real GDP (volume), annual growth",,1,
MNA.Q.Y.I9.W2.S1.S1.B.B1GQ._Z._Z._Z.EUR.LR.GY,Q,Y,I9,W2,S1,S1,B,B1GQ,_Z,_Z,_Z,EUR,LR,GY,2011-Q1,2.939208122884107,A,F,,,,P3M,"Gross domestic product at market prices - Euro area 20 (fixed composition) as of 1 January 2023 - Domestic (home or reference area), Total economy, Euro, Chain linked volume (rebased), Growth rate, over 1 year, Calendar and seasonally adjusted data",4F0,,YTYPCT(MNA.Q.Y.I9.W2.S1.S1.B.B1GQ._Z._Z._Z.EUR.LR.N),1,,,,2020,,,,S,"Real GDP (volume), annual growth",,1,
MNA.Q.Y.I9.W2.S1.S1.B.B1GQ._Z._Z._Z.EUR.LR.GY,Q,Y,I9,W2,S1,S1,B,B1GQ,_Z,_Z,_Z,EUR,LR,GY,2011-Q2,1.980254396797676,A,F,,,,P3M,"Gross domestic product at market prices - Euro area 20 (fixed composition) as of 1 January 2023 - Domestic (home or reference area), Total economy, Euro, Chain linked volume (rebased), Growth rate, over 1 year, Calendar and seasonally adjusted data",4F0,,YTYPCT(MNA.Q.Y.I9.W2.S1.S1.B.B1GQ._Z._Z._Z.EUR.LR.N),1,,,,2020,,,,S,"Real GDP (volume), annual growth",,1,
MNA.Q.Y.I9.W2.S1.S1.B.B1GQ._Z._Z._Z.EUR.LR.GY,Q,Y,I9,W2,S1,S1,B,B1GQ,_Z,_Z,_Z,EUR,LR,GY,2011-Q3,1.5537599845985017,A,F,,,,P3M,"Gross domestic product at market prices - Euro area 20 (fixed composition) as of 1 January 2023 - Domestic (home or reference area), Total economy, Euro, Chain linked volume (rebased), Growth rate, over 1 year, Calendar and seasonally adjusted data",4F0,,YTYPCT(MNA.Q.Y.I9.W2.S1.S1.B.B1GQ._Z._Z._Z.EUR.LR.N),1,,,,2020,,,,S,"Real GDP (volume), annual growth",,1,
MNA.Q.Y.I9.W2.S1.S1.B.B1GQ._Z._Z._Z.EUR.LR.GY,Q,Y,I9,W2,S1,S1,B,B1GQ,_Z,_Z,_Z,EUR,LR,GY,2011-Q4,0.6668211144494895,A,F,,,,P3M,"Gross domestic product at market prices - Euro area 20 (fixed composition) as of 1 January 2023 - Domestic (home or reference area), Total economy, Euro, Chain linked volume (rebased), Growth rate, over 1 year, Calendar and seasonally adjusted data",4F0,,YTYPCT(MNA.Q.Y.I9.W2.S1.S1.B.B1GQ._Z._Z._Z.EUR.LR.N),1,,,,2020,,,,S,"Real GDP (volume), annual growth",,1,
MNA.Q.Y.I9.W2.S1.S1.B.B1GQ._Z._Z._Z.EUR.LR.GY,Q,Y,I9,W2,S1,S1,B,B1GQ,_Z,_Z,_Z,EUR,LR,GY,2012-Q1,-0.5247069031034557,A,F,,,,P3M,"Gross domestic product at market prices - Euro area 20 (fixed composition) as of 1 January 2023 - Domestic (home or reference area), Total economy, Euro, Chain linked volume (rebased), Growth rate, over 1 year, Calendar and seasonally adjusted data",4F0,,YTYPCT(MNA.Q.Y.I9.W2.S1.S1.B.B1GQ._Z._Z._Z.EUR.LR.N),1,,,,2020,,,,S,"Real GDP (volume), annual growth",,1,
MNA.Q.Y.I9.W2.S1.S1.B.B1GQ._Z._Z._Z.EUR.LR.GY,Q,Y,I9,W2,S1,S1,B,B1GQ,_Z,_Z,_Z,EUR,LR,GY,2012-Q2,-0.879626192308347,A,F,,,,P3M,"Gross domestic product at market prices - Euro area 20 (fixed composition) as of 1 January 2023 - Domestic (home or reference area), Total economy, Euro, Chain linked volume (rebased), Growth rate, over 1 year, Calendar and seasonally adjusted data",4F0,,YTYPCT(MNA.Q.Y.I9.W2.S1.S1.B.B1GQ._Z._Z._Z.EUR.LR.N),1,,,,2020,,,,S,"Real GDP (volume), annual growth",,1,
MNA.Q.Y.I9.W2.S1.S1.B.B1GQ._Z._Z._Z.EUR.LR.GY,Q,Y,I9,W2,S1,S1,B,B1GQ,_Z,_Z,_Z,EUR,LR,GY,2012-Q3,-1.0291414797970133,A,F,,,,P3M,"Gross domestic product at market prices - Euro area 20 (fixed composition) as of 1 January 2023 - Domestic (home or reference area), Total economy, Euro, Chain linked volume (rebased), Growth rate, over 1 year, Calendar and seasonally adjusted data",4F0,,YTYPCT(MNA.Q.Y.I9.W2.S1.S1.B.B1GQ._Z._Z._Z.EUR.LR.N),1,,,,2020,,,,S,"Real GDP (volume), annual growth",,1,
MNA.Q.Y.I9.W2.S1.S1.B.B1GQ._Z._Z._Z.EUR.LR.GY,Q,Y,I9,W2,S1,S1,B,B1GQ,_Z,_Z,_Z,EUR,LR,GY,2012-Q4,-1.1681043715573325,A,F,,,,P3M,"Gross domestic product at market prices - Euro area 20 (fixed composition) as of 1 January 2023 - Domestic (home or reference area), Total economy, Euro, Chain linked volume (rebased), Growth rate, over 1 year, Calendar and seasonally adjusted data",4F0,,YTYPCT(MNA.Q.Y.I9.W2.S1.S1.B.B1GQ._Z._Z._Z.EUR.LR.N),1,,,,2020,,,,S,"Real GDP (volume), annual growth",,1,
MNA.Q.Y.I9.W2.S1.S1.B.B1GQ._Z._Z._Z.EUR.LR.GY,Q,Y,I9,W2,S1,S1,B,B1GQ,_Z,_Z,_Z,EUR,LR,GY,2013-Q1,-1.2447730607729302,A,F,,,,P3M,"Gross domestic product at market prices - Euro area 20 (fixed composition) as of 1 January 2023 - Domestic (home or reference area), Total economy, Euro, Chain linked volume (rebased), Growth rate, over 1 year, Calendar and seasonally adjusted data",4F0,,YTYPCT(MNA.Q.Y.I9.W2.S1.S1.B.B1GQ._Z._Z._Z.EUR.LR.N),1,,,,2020,,,,S,"Real GDP (volume), annual growth",,1,
MNA.Q.Y.I9.W2.S1.S1.B.B1GQ._Z._Z._Z.EUR.LR.GY,Q,Y,I9,W2,S1,S1,B,B1GQ,_Z,_Z,_Z,EUR,LR,GY,2013-Q2,-0.2427382856886262,A,F,,,,P3M,"Gross domestic product at market prices - Euro area 20 (fixed composition) as of 1 January 2023 - Domestic (home or reference area), Total economy, Euro, Chain linked volume (rebased), Growth rate, over 1 year, Calendar and seasonally adjusted data",4F0,,YTYPCT(MNA.Q.Y.I9.W2.S1.S1.B.B1GQ._Z._Z._Z.EUR.LR.N),1,,,,2020,,,,S,"Real GDP (volume), annual growth",,1,
MNA.Q.Y.I9.W2.S1.S1.B.B1GQ._Z._Z._Z.EUR.LR.GY,Q,Y,I9,W2,S1,S1,B,B1GQ,_Z,_Z,_Z,EUR,LR,GY,2013-Q3,0.17681347099138822,A,F,,,,P3M,"Gross domestic product at market prices - Euro area 20 (fixed composition) as of 1 January 2023 - Domestic (home or reference area), Total economy, Euro, Chain linked volume (rebased), Growth rate, over 1 year, Calendar and seasonally adjusted data",4F0,,YTYPCT(MNA.Q.Y.I9.W2.S1.S1.B.B1GQ._Z._Z._Z.EUR.LR.N),1,,,,2020,,,,S,"Real GDP (volume), annual growth",,1,
MNA.Q.Y.I9.W2.S1.S1.B.B1GQ._Z._Z._Z.EUR.LR.GY,Q,Y,I9,W2,S1,S1,B,B1GQ,_Z,_Z,_Z,EUR,LR,GY,2013-Q4,0.826861066580431,A,F,,,,P3M,"Gross domestic product at market prices - Euro area 20 (fixed composition) as of 1 January 2023 - Domestic (home or reference area), Total economy, Euro, Chain linked volume (rebased), Growth rate, over 1 year, Calendar and seasonally adjusted data",4F0,,YTYPCT(MNA.Q.Y.I9.W2.S1.S1.B.B1GQ._Z._Z._Z.EUR.LR.N),1,,,,2020,,,,S,"Real GDP (volume), annual growth",,1,
MNA.Q.Y.I9.W2.S1.S1.B.B1GQ._Z._Z._Z.EUR.LR.GY,Q,Y,I9,W2,S1,S1,B,B1GQ,_Z,_Z,_Z,EUR,LR,GY,2014-Q1,1.6389335461382437,A,F,,,,P3M,"Gross domestic product at market prices - Euro area 20 (fixed composition) as of 1 January 2023 - Domestic (home or reference area), Total economy, Euro, Chain linked volume (rebased), Growth rate, over 1 year, Calendar and seasonally adjusted data",4F0,,YTYPCT(MNA.Q.Y.I9.W2.S1.S1.B.B1GQ._Z._Z._Z.EUR.LR.N),1,,,,2020,,,,S,"Real GDP (volume), annual growth",,1,
MNA.Q.Y.I9.W2.S1.S1.B.B1GQ._Z._Z._Z.EUR.LR.GY,Q,Y,I9,W2,S1,S1,B,B1GQ,_Z,_Z,_Z,EUR,LR,GY,2014-Q2,1.20678825230085,A,F,,,,P3M,"Gross domestic product at market prices - Euro area 20 (fixed composition) as of 1 January 2023 - Domestic (home or reference area), Total economy, Euro, Chain linked volume (rebased), Growth rate, over 1 year, Calendar and seasonally adjusted data",4F0,,YTYPCT(MNA.Q.Y.I9.W2.S1.S1.B.B1GQ._Z._Z._Z.EUR.LR.N),1,,,,2020,,,,S,"Real GDP (volume), annual growth",,1,
MNA.Q.Y.I9.W2.S1.S1.B.B1GQ._Z._Z._Z.EUR.LR.GY,Q,Y,I9,W2,S1,S1,B,B1GQ,_Z,_Z,_Z,EUR,LR,GY,2014-Q3,1.4024909639494654,A,F,,,,P3M,"Gross domestic product at market prices - Euro area 20 (fixed composition) as of 1 January 2023 - Domestic (home or reference area), Total economy, Euro, Chain linked volume (rebased), Growth rate, over 1 year, Calendar and seasonally adjusted data",4F0,,YTYPCT(MNA.Q.Y.I9.W2.S1.S1.B.B1GQ._Z._Z._Z.EUR.LR.N),1,,,,2020,,,,S,"Real GDP (volume), annual growth",,1,
MNA.Q.Y.I9.W2.S1.S1.B.B1GQ._Z._Z._Z.EUR.LR.GY,Q,Y,I9,W2,S1,S1,B,B1GQ,_Z,_Z,_Z,EUR,LR,GY,2014-Q4,1.56882914568659,A,F,,,,P3M,"Gross domestic product at market prices - Euro area 20 (fixed composition) as of 1 January 2023 - Domestic (home or reference area), Total economy, Euro, Chain linked volume (rebased), Growth rate, over 1 year, Calendar and seasonally adjusted data",4F0,,YTYPCT(MNA.Q.Y.I9.W2.S1.S1.B.B1GQ._Z._Z._Z.EUR.LR.N),1,,,,2020,,,,S,"Real GDP (volume), annual growth",,1,
MNA.Q.Y.I9.W2.S1.S1.B.B1GQ._Z._Z._Z.EUR.LR.GY,Q,Y,I9,W2,S1,S1,B,B1GQ,_Z,_Z,_Z,EUR,LR,GY,2015-Q1,1.8736008190225473,A,F,,,,P3M,"Gross domestic product at market prices - Euro area 20 (fixed composition) as of 1 January 2023 - Domestic (home or reference area), Total economy, Euro, Chain linked volume (rebased), Growth rate, over 1 year, Calendar and seasonally adjusted data",4F0,,YTYPCT(MNA.Q.Y.I9.W2.S1.S1.B.B1GQ._Z._Z._Z.EUR.LR.N),1,,,,2020,,,,S,"Real GDP (volume), annual growth",,1,
MNA.Q.Y.I9.W2.S1.S1.B.B1GQ._Z._Z._Z.EUR.LR.GY,Q,Y,I9,W2,S1,S1,B,B1GQ,_Z,_Z,_Z,EUR,LR,GY,2015-Q2,2.0612097965372556,A,F,,,,P3M,"Gross domestic product at market prices - Euro area 20 (fixed composition) as of 1 January 2023 - Domestic (home or reference area), Total economy, Euro, Chain linked volume (rebased), Growth rate, over 1 year, Calendar and seasonally adjusted data",4F0,,YTYPCT(MNA.Q.Y.I9.W2.S1.S1.B.B1GQ._Z._Z._Z.EUR.LR.N),1,,,,2020,,,,S,"Real GDP (volume), annual growth",,1,
MNA.Q.Y.I9.W2.S1.S1.B.B1GQ._Z._Z._Z.EUR.LR.GY,Q,Y,I9,W2,S1,S1,B,B1GQ,_Z,_Z,_Z,EUR,LR,GY,2015-Q3,2.001074492216004,A,F,,,,P3M,"Gross domestic product at market prices - Euro area 20 (fixed composition) as of 1 January 2023 - Domestic (home or reference area), Total economy, Euro, Chain linked volume (rebased), Growth rate, over 1 year, Calendar and seasonally adjusted data",4F0,,YTYPCT(MNA.Q.Y.I9.W2.S1.S1.B.B1GQ._Z._Z._Z.EUR.LR.N),1,,,,2020,,,,S,"Real GDP (volume), annual growth",,1,
MNA.Q.Y.I9.W2.S1.S1.B.B1GQ._Z._Z._Z.EUR.LR.GY,Q,Y,I9,W2,S1,S1,B,B1GQ,_Z,_Z,_Z,EUR,LR,GY,2015-Q4,2.1045083897987427,A,F,,,,P3M,"Gross domestic product at market prices - Euro area 20 (fixed composition) as of 1 January 2023 - Domestic (home or reference area), Total economy, Euro, Chain linked volume (rebased), Growth rate, over 1 year, Calendar and seasonally adjusted data",4F0,,YTYPCT(MNA.Q.Y.I9.W2.S1.S1.B.B1GQ._Z._Z._Z.EUR.LR.N),1,,,,2020,,,,S,"Real GDP (volume), annual growth",,1,
MNA.Q.Y.I9.W2.S1.S1.B.B1GQ._Z._Z._Z.EUR.LR.GY,Q,Y,I9,W2,S1,S1,B,B1GQ,_Z,_Z,_Z,EUR,LR,GY,2016-Q1,1.82036755682915,A,F,,,,P3M,"Gross domestic product at market prices - Euro area 20 (fixed composition) as of 1 January 2023 - Domestic (home or reference area), Total economy, Euro, Chain linked volume (rebased), Growth rate, over 1 year, Calendar and seasonally adjusted data",4F0,,YTYPCT(MNA.Q.Y.I9.W2.S1.S1.B.B1GQ._Z._Z._Z.EUR.LR.N),1,,,,2020,,,,S,"Real GDP (volume), annual growth",,1,
MNA.Q.Y.I9.W2.S1.S1.B.B1GQ._Z._Z._Z.EUR.LR.GY,Q,Y,I9,W2,S1,S1,B,B1GQ,_Z,_Z,_Z,EUR,LR,GY,2016-Q2,1.584216923490711,A,F,,,,P3M,"Gross domestic product at market prices - Euro area 20 (fixed composition) as of 1 January 2023 - Domestic (home or reference area), Total economy, Euro, Chain linked volume (rebased), Growth rate, over 1 year, Calendar and seasonally adjusted data",4F0,,YTYPCT(MNA.Q.Y.I9.W2.S1.S1.B.B1GQ._Z._Z._Z.EUR.LR.N),1,,,,2020,,,,S,"Real GDP (volume), annual growth",,1,
MNA.Q.Y.I9.W2.S1.S1.B.B1GQ._Z._Z._Z.EUR.LR.GY,Q,Y,I9,W2,S1,S1,B,B1GQ,_Z,_Z,_Z,EUR,LR,GY,2016-Q3,1.64728732986279,A,F,,,,P3M,"Gross domestic product at market prices - Euro area 20 (fixed composition) as of 1 January 2023 - Domestic (home or reference area), Total economy, Euro, Chain linked volume (rebased), Growth rate, over 1 year, Calendar and seasonally adjusted data",4F0,,YTYPCT(MNA.Q.Y.I9.W2.S1.S1.B.B1GQ._Z._Z._Z.EUR.LR.N),1,,,,2020,,,,S,"Real GDP (volume), annual growth",,1,
MNA.Q.Y.I9.W2.S1.S1.B.B1GQ._Z._Z._Z.EUR.LR.GY,Q,Y,I9,W2,S1,S1,B,B1GQ,_Z,_Z,_Z,EUR,LR,GY,2016-Q4,1.982326668629364,A,F,,,,P3M,"Gross domestic product at market prices - Euro area 20 (fixed composition) as of 1 January 2023 - Domestic (home or reference area), Total economy, Euro, Chain linked volume (rebased), Growth rate, over 1 year, Calendar and seasonally adjusted data",4F0,,YTYPCT(MNA.Q.Y.I9.W2.S1.S1.B.B1GQ._Z._Z._Z.EUR.LR.N),1,,,,2020,,,,S,"Real GDP (volume), annual growth",,1,
MNA.Q.Y.I9.W2.S1.S1.B.B1GQ._Z._Z._Z.EUR.LR.GY,Q,Y,I9,W2,S1,S1,B,B1GQ,_Z,_Z,_Z,EUR,LR,GY,2017-Q1,2.2468841410493656,A,F,,,,P3M,"Gross domestic product at market prices - Euro area 20 (fixed composition) as of 1 January 2023 - Domestic (home or reference area), Total economy, Euro, Chain linked volume (rebased), Growth rate, over 1 year, Calendar and seasonally adjusted data",4F0,,YTYPCT(MNA.Q.Y.I9.W2.S1.S1.B.B1GQ._Z._Z._Z.EUR.LR.N),1,,,,2020,,,,S,"Real GDP (volume), annual growth",,1,
MNA.Q.Y.I9.W2.S1.S1.B.B1GQ._Z._Z._Z.EUR.LR.GY,Q,Y,I9,W2,S1,S1,B,B1GQ,_Z,_Z,_Z,EUR,LR,GY,2017-Q2,2.7586918943214966,A,F,,,,P3M,"Gross domestic product at market prices - Euro area 20 (fixed composition) as of 1 January 2023 - Domestic (home or reference area), Total economy, Euro, Chain linked volume (rebased), Growth rate, over 1 year, Calendar and seasonally adjusted data",4F0,,YTYPCT(MNA.Q.Y.I9.W2.S1.S1.B.B1GQ._Z._Z._Z.EUR.LR.N),1,,,,2020,,,,S,"Real GDP (volume), annual growth",,1,
MNA.Q.Y.I9.W2.S1.S1.B.B1GQ._Z._Z._Z.EUR.LR.GY,Q,Y,I9,W2,S1,S1,B,B1GQ,_Z,_Z,_Z,EUR,LR,GY,2017-Q3,3.036375936182689,A,F,,,,P3M,"Gross domestic product at market prices - Euro area 20 (fixed composition) as of 1 January 2023 - Domestic (home or reference area), Total economy, Euro, Chain linked volume (rebased), Growth rate, over 1 year, Calendar and seasonally adjusted data",4F0,,YTYPCT(MNA.Q.Y.I9.W2.S1.S1.B.B1GQ._Z._Z._Z.EUR.LR.N),1,,,,2020,,,,S,"Real GDP (volume), annual growth",,1,
MNA.Q.Y.I9.W2.S1.S1.B.B1GQ._Z._Z._Z.EUR.LR.GY,Q,Y,I9,W2,S1,S1,B,B1GQ,_Z,_Z,_Z,EUR,LR,GY,2017-Q4,3.0383441690369883,A,F,,,,P3M,"Gross domestic product at market prices - Euro area 20 (fixed composition) as of 1 January 2023 - Domestic (home or reference area), Total economy, Euro, Chain linked volume (rebased), Growth rate, over 1 year, Calendar and seasonally adjusted data",4F0,,YTYPCT(MNA.Q.Y.I9.W2.S1.S1.B.B1GQ._Z._Z._Z.EUR.LR.N),1,,,,2020,,,,S,"Real GDP (volume), annual growth",,1,
MNA.Q.Y.I9.W2.S1.S1.B.B1GQ._Z._Z._Z.EUR.LR.GY,Q,Y,I9,W2,S1,S1,B,B1GQ,_Z,_Z,_Z,EUR,LR,GY,2018-Q1,2.2716410480595473,A,F,,,,P3M,"Gross domestic product at market prices - Euro area 20 (fixed composition) as of 1 January 2023 - Domestic (home or reference area), Total economy, Euro, Chain linked volume (rebased), Growth rate, over 1 year, Calendar and seasonally adjusted data",4F0,,YTYPCT(MNA.Q.Y.I9.W2.S1.S1.B.B1GQ._Z._Z._Z.EUR.LR.N),1,,,,2020,,,,S,"Real GDP (volume), annual growth",,1,
MNA.Q.Y.I9.W2.S1.S1.B.B1GQ._Z._Z._Z.EUR.LR.GY,Q,Y,I9,W2,S1,S1,B,B1GQ,_Z,_Z,_Z,EUR,LR,GY,2018-Q2,2.120386356805648,A,F,,,,P3M,"Gross domestic product at market prices - Euro area 20 (fixed composition) as of 1 January 2023 - Domestic (home or reference area), Total economy, Euro, Chain linked volume (rebased), Growth rate, over 1 year, Calendar and seasonally adjusted data",4F0,,YTYPCT(MNA.Q.Y.I9.W2.S1.S1.B.B1GQ._Z._Z._Z.EUR.LR.N),1,,,,2020,,,,S,"Real GDP (volume), annual growth",,1,
MNA.Q.Y.I9.W2.S1.S1.B.B1GQ._Z._Z._Z.EUR.LR.GY,Q,Y,I9,W2,S1,S1,B,B1GQ,_Z,_Z,_Z,EUR,LR,GY,2018-Q3,1.4491863141874228,A,F,,,,P3M,"Gross domestic product at market prices - Euro area 20 (fixed composition) as of 1 January 2023 - Domestic (home or reference area), Total economy, Euro, Chain linked volume (rebased), Growth rate, over 1 year, Calendar and seasonally adjusted data",4F0,,YTYPCT(MNA.Q.Y.I9.W2.S1.S1.B.B1GQ._Z._Z._Z.EUR.LR.N),1,,,,2020,,,,S,"Real GDP (volume), annual growth",,1,
MNA.Q.Y.I9.W2.S1.S1.B.B1GQ._Z._Z._Z.EUR.LR.GY,Q,Y,I9,W2,S1,S1,B,B1GQ,_Z,_Z,_Z,EUR,LR,GY,2018-Q4,1.1654208671118882,A,F,,,,P3M,"Gross domestic product at market prices - Euro area 20 (fixed composition) as of 1 January 2023 - Domestic (home or reference area), Total economy, Euro, Chain linked volume (rebased), Growth rate, over 1 year, Calendar and seasonally adjusted data",4F0,,YTYPCT(MNA.Q.Y.I9.W2.S1.S1.B.B1GQ._Z._Z._Z.EUR.LR.N),1,,,,2020,,,,S,"Real GDP (volume), annual growth",,1,
MNA.Q.Y.I9.W2.S1.S1.B.B1GQ._Z._Z._Z.EUR.LR.GY,Q,Y,I9,W2,S1,S1,B,B1GQ,_Z,_Z,_Z,EUR,LR,GY,2019-Q1,1.879189562083483,A,F,,,,P3M,"Gross domestic product at market prices - Euro area 20 (fixed composition) as of 1 January 2023 - Domestic (home or reference area), Total economy, Euro, Chain linked volume (rebased), Growth rate, over 1 year, Calendar and seasonally adjusted data",4F0,,YTYPCT(MNA.Q.Y.I9.W2.S1.S1.B.B1GQ._Z._Z._Z.EUR.LR.N),1,,,,2020,,,,S,"Real GDP (volume), annual growth",,1,
MNA.Q.Y.I9.W2.S1.S1.B.B1GQ._Z._Z._Z.EUR.LR.GY,Q,Y,I9,W2,S1,S1,B,B1GQ,_Z,_Z,_Z,EUR,LR,GY,2019-Q2,1.690722380279297,A,F,,,,P3M,"Gross domestic product at market prices - Euro area 20 (fixed composition) as of 1 January 2023 - Domestic (home or reference area), Total economy, Euro, Chain linked volume (rebased), Growth rate, over 1 year, Calendar and seasonally adjusted data",4F0,,YTYPCT(MNA.Q.Y.I9.W2.S1.S1.B.B1GQ._Z._Z._Z.EUR.LR.N),1,,,,2020,,,,S,"Real GDP (volume), annual growth",,1,
MNA.Q.Y.I9.W2.S1.S1.B.B1GQ._Z._Z._Z.EUR.LR.GY,Q,Y,I9,W2,S1,S1,B,B1GQ,_Z,_Z,_Z,EUR,LR,GY,2019-Q3,1.8191387883913723,A,F,,,,P3M,"Gross domestic product at market prices - Euro area 20 (fixed composition) as of 1 January 2023 - Domestic (home or reference area), Total economy, Euro, Chain linked volume (rebased), Growth rate, over 1 year, Calendar and seasonally adjusted data",4F0,,YTYPCT(MNA.Q.Y.I9.W2.S1.S1.B.B1GQ._Z._Z._Z.EUR.LR.N),1,,,,2020,,,,S,"Real GDP (volume), annual growth",,1,
MNA.Q.Y.I9.W2.S1.S1.B.B1GQ._Z._Z._Z.EUR.LR.GY,Q,Y,I9,W2,S1,S1,B,B1GQ,_Z,_Z,_Z,EUR,LR,GY,2019-Q4,1.1641750043107413,A,F,,,,P3M,"Gross domestic product at market prices - Euro area 20 (fixed composition) as of 1 January 2023 - Domestic (home or reference area), Total economy, Euro, Chain linked volume (rebased), Growth rate, over 1 year, Calendar and seasonally adjusted data",4F0,,YTYPCT(MNA.Q.Y.I9.W2.S1.S1.B.B1GQ._Z._Z._Z.EUR.LR.N),1,,,,2020,,,,S,"Real GDP (volume), annual growth",,1,
MNA.Q.Y.I9.W2.S1.S1.B.B1GQ._Z._Z._Z.EUR.LR.GY,Q,Y,I9,W2,S1,S1,B,B1GQ,_Z,_Z,_Z,EUR,LR,GY,2020-Q1,-2.7882029742320125,A,F,,,,P3M,"Gross domestic product at market prices - Euro area 20 (fixed composition) as of 1 January 2023 - Domestic (home or reference area), Total economy, Euro, Chain linked volume (rebased), Growth rate, over 1 year, Calendar and seasonally adjusted data",4F0,,YTYPCT(MNA.Q.Y.I9.W2.S1.S1.B.B1GQ._Z._Z._Z.EUR.LR.N),1,,,,2020,,,,S,"Real GDP (volume), annual growth",,1,
MNA.Q.Y.I9.W2.S1.S1.B.B1GQ._Z._Z._Z.EUR.LR.GY,Q,Y,I9,W2,S1,S1,B,B1GQ,_Z,_Z,_Z,EUR,LR,GY,2020-Q2,-13.913219580057945,A,F,,,,P3M,"Gross domestic product at market prices - Euro area 20 (fixed composition) as of 1 January 2023 - Domestic (home or reference area), Total economy, Euro, Chain linked volume (rebased), Growth rate, over 1 year, Calendar and seasonally adjusted data",4F0,,YTYPCT(MNA.Q.Y.I9.W2.S1.S1.B.B1GQ._Z._Z._Z.EUR.LR.N),1,,,,2020,,,,S,"Real GDP (volume), annual growth",,1,
MNA.Q.Y.I9.W2.S1.S1.B.B1GQ._Z._Z._Z.EUR.LR.GY,Q,Y,I9,W2,S1,S1,B,B1GQ,_Z,_Z,_Z,EUR,LR,GY,2020-Q3,-4.186474098825476,A,F,,,,P3M,"Gross domestic product at market prices - Euro area 20 (fixed composition) as of 1 January 2023 - Domestic (home or reference area), Total economy, Euro, Chain linked volume (rebased), Growth rate, over 1 year, Calendar and seasonally adjusted data",4F0,,YTYPCT(MNA.Q.Y.I9.W2.S1.S1.B.B1GQ._Z._Z._Z.EUR.LR.N),1,,,,2020,,,,S,"Real GDP (volume), annual growth",,1,
MNA.Q.Y.I9.W2.S1.S1.B.B1GQ._Z._Z._Z.EUR.LR.GY,Q,Y,I9,W2,S1,S1,B,B1GQ,_Z,_Z,_Z,EUR,LR,GY,2020-Q4,-3.767916104414626,A,F,,,,P3M,"Gross domestic product at market prices - Euro area 20 (fixed composition) as of 1 January 2023 - Domestic (home or reference area), Total economy, Euro, Chain linked volume (rebased), Growth rate, over 1 year, Calendar and seasonally adjusted data",4F0,,YTYPCT(MNA.Q.Y.I9.W2.S1.S1.B.B1GQ._Z._Z._Z.EUR.LR.N),1,,,,2020,,,,S,"Real GDP (volume), annual growth",,1,
MNA.Q.Y.I9.W2.S1.S1.B.B1GQ._Z._Z._Z.EUR.LR.GY,Q,Y,I9,W2,S1,S1,B,B1GQ,_Z,_Z,_Z,EUR,LR,GY,2021-Q1,0.2541053099172297,A,F,,,,P3M,"Gross domestic product at market prices - Euro area 20 (fixed composition) as of 1 January 2023 - Domestic (home or reference area), Total economy, Euro, Chain linked volume (rebased), Growth rate, over 1 year, Calendar and seasonally adjusted data",4F0,,YTYPCT(MNA.Q.Y.I9.W2.S1.S1.B.B1GQ._Z._Z._Z.EUR.LR.N),1,,,,2020,,,,S,"Real GDP (volume), annual growth",,1,
MNA.Q.Y.I9.W2.S1.S1.B.B1GQ._Z._Z._Z.EUR.LR.GY,Q,Y,I9,W2,S1,S1,B,B1GQ,_Z,_Z,_Z,EUR,LR,GY,2021-Q2,15.266103739859393,A,F,,,,P3M,"Gross domestic product at market prices - Euro area 20 (fixed composition) as of 1 January 2023 - Domestic (home or reference area), Total economy, Euro, Chain linked volume (rebased), Growth rate, over 1 year, Calendar and seasonally adjusted data",4F0,,YTYPCT(MNA.Q.Y.I9.W2.S1.S1.B.B1GQ._Z._Z._Z.EUR.LR.N),1,,,,2020,,,,S,"Real GDP (volume), annual growth",,1,
MNA.Q.Y.I9.W2.S1.S1.B.B1GQ._Z._Z._Z.EUR.LR.GY,Q,Y,I9,W2,S1,S1,B,B1GQ,_Z,_Z,_Z,EUR,LR,GY,2021-Q3,5.220657222025027,A,F,,,,P3M,"Gross domestic product at market prices - Euro area 20 (fixed composition) as of 1 January 2023 - Domestic (home or reference area), Total economy, Euro, Chain linked volume (rebased), Growth rate, over 1 year, Calendar and seasonally adjusted data",4F0,,YTYPCT(MNA.Q.Y.I9.W2.S1.S1.B.B1GQ._Z._Z._Z.EUR.LR.N),1,,,,2020,,,,S,"Real GDP (volume), annual growth",,1,
MNA.Q.Y.I9.W2.S1.S1.B.B1GQ._Z._Z._Z.EUR.LR.GY,Q,Y,I9,W2,S1,S1,B,B1GQ,_Z,_Z,_Z,EUR,LR,GY,2021-Q4,5.664080364101531,A,F,,,,P3M,"Gross domestic product at market prices - Euro area 20 (fixed composition) as of 1 January 2023 - Domestic (home or reference area), Total economy, Euro, Chain linked volume (rebased), Growth rate, over 1 year, Calendar and seasonally adjusted data",4F0,,YTYPCT(MNA.Q.Y.I9.W2.S1.S1.B.B1GQ._Z._Z._Z.EUR.LR.N),1,,,,2020,,,,S,"Real GDP (volume), annual growth",,1,
MNA.Q.Y.I9.W2.S1.S1.B.B1GQ._Z._Z._Z.EUR.LR.GY,Q,Y,I9,W2,S1,S1,B,B1GQ,_Z,_Z,_Z,EUR,LR,GY,2022-Q1,5.5452045877684375,A,F,,,,P3M,"Gross domestic product at market prices - Euro area 20 (fixed composition) as of 1 January 2023 - Domestic (home or reference area), Total economy, Euro, Chain linked volume (rebased), Growth rate, over 1 year, Calendar and seasonally adjusted data",4F0,,YTYPCT(MNA.Q.Y.I9.W2.S1.S1.B.B1GQ._Z._Z._Z.EUR.LR.N),1,,,,2020,,,,S,"Real GDP (volume), annual growth",,1,
MNA.Q.Y.I9.W2.S1.S1.B.B1GQ._Z._Z._Z.EUR.LR.GY,Q,Y,I9,W2,S1,S1,B,B1GQ,_Z,_Z,_Z,EUR,LR,GY,2022-Q2,4.298697784528804,A,F,,,,P3M,"Gross domestic product at market prices - Euro area 20 (fixed composition) as of 1 January 2023 - Domestic (home or reference area), Total economy, Euro, Chain linked volume (rebased), Growth rate, over 1 year, Calendar and seasonally adjusted data",4F0,,YTYPCT(MNA.Q.Y.I9.W2.S1.S1.B.B1GQ._Z._Z._Z.EUR.LR.N),1,,,,2020,,,,S,"Real GDP (volume), annual growth",,1,
MNA.Q.Y.I9.W2.S1.S1.B.B1GQ._Z._Z._Z.EUR.LR.GY,Q,Y,I9,W2,S1,S1,B,B1GQ,_Z,_Z,_Z,EUR,LR,GY,2022-Q3,2.9836973371915487,A,F,,,,P3M,"Gross domestic product at market prices - Euro area 20 (fixed composition) as of 1 January 2023 - Domestic (home or reference area), Total economy, Euro, Chain linked volume (rebased), Growth rate, over 1 year, Calendar and seasonally adjusted data",4F0,,YTYPCT(MNA.Q.Y.I9.W2.S1.S1.B.B1GQ._Z._Z._Z.EUR.LR.N),1,,,,2020,,,,S,"Real GDP (volume), annual growth",,1,
MNA.Q.Y.I9.W2.S1.S1.B.B1GQ._Z._Z._Z.EUR.LR.GY,Q,Y,I9,W2,S1,S1,B,B1GQ,_Z,_Z,_Z,EUR,LR,GY,2022-Q4,2.16351810355917,A,F,,,,P3M,"Gross domestic product at market prices - Euro area 20 (fixed composition) as of 1 January 2023 - Domestic (home or reference area), Total economy, Euro, Chain linked volume (rebased), Growth rate, over 1 year, Calendar and seasonally adjusted data",4F0,,YTYPCT(MNA.Q.Y.I9.W2.S1.S1.B.B1GQ._Z._Z._Z.EUR.LR.N),1,,,,2020,,,,S,"Real GDP (volume), annual growth",,1,
MNA.Q.Y.I9.W2.S1.S1.B.B1GQ._Z._Z._Z.EUR.LR.GY,Q,Y,I9,W2,S1,S1,B,B1GQ,_Z,_Z,_Z,EUR,LR,GY,2023-Q1,1.2927949888745793,A,F,,,,P3M,"Gross domestic product at market prices - Euro area 20 (fixed composition) as of 1 January 2023 - Domestic (home or reference area), Total economy, Euro, Chain linked volume (rebased), Growth rate, over 1 year, Calendar and seasonally adjusted data",4F0,,YTYPCT(MNA.Q.Y.I9.W2.S1.S1.B.B1GQ._Z._Z._Z.EUR.LR.N),1,,,,2020,,,,S,"Real GDP (volume), annual growth",,1,
MNA.Q.Y.I9.W2.S1.S1.B.B1GQ._Z._Z._Z.EUR.LR.GY,Q,Y,I9,W2,S1,S1,B,B1GQ,_Z,_Z,_Z,EUR,LR,GY,2023-Q2,0.5531150979754207,A,F,,,,P3M,"Gross domestic product at market prices - Euro area 20 (fixed composition) as of 1 January 2023 - Domestic (home or reference area), Total economy, Euro, Chain linked volume (rebased), Growth rate, over 1 year, Calendar and seasonally adjusted data",4F0,,YTYPCT(MNA.Q.Y.I9.W2.S1.S1.B.B1GQ._Z._Z._Z.EUR.LR.N),1,,,,2020,,,,S,"Real GDP (volume), annual growth",,1,
MNA.Q.Y.I9.W2.S1.S1.B.B1GQ._Z._Z._Z.EUR.LR.GY,Q,Y,I9,W2,S1,S1,B,B1GQ,_Z,_Z,_Z,EUR,LR,GY,2023-Q3,0.1545640398363135,A,F,,,,P3M,"Gross domestic product at market prices - Euro area 20 (fixed composition) as of 1 January 2023 - Domestic (home or reference area), Total economy, Euro, Chain linked volume (rebased), Growth rate, over 1 year, Calendar and seasonally adjusted data",4F0,,YTYPCT(MNA.Q.Y.I9.W2.S1.S1.B.B1GQ._Z._Z._Z.EUR.LR.N),1,,,,2020,,,,S,"Real GDP (volume), annual growth",,1,
MNA.Q.Y.I9.W2.S1.S1.B.B1GQ._Z._Z._Z.EUR.LR.GY,Q,Y,I9,W2,S1,S1,B,B1GQ,_Z,_Z,_Z,EUR,LR,GY,2023-Q4,0.2304487545999656,A,F,,,,P3M,"Gross domestic product at market prices - Euro area 20 (fixed composition) as of 1 January 2023 - Domestic (home or reference area), Total economy, Euro, Chain linked volume (rebased), Growth rate, over 1 year, Calendar and seasonally adjusted data",4F0,,YTYPCT(MNA.Q.Y.I9.W2.S1.S1.B.B1GQ._Z._Z._Z.EUR.LR.N),1,,,,2020,,,,S,"Real GDP (volume), annual growth",,1,
MNA.Q.Y.I9.W2.S1.S1.B.B1GQ._Z._Z._Z.EUR.LR.GY,Q,Y,I9,W2,S1,S1,B,B1GQ,_Z,_Z,_Z,EUR,LR,GY,2024-Q1,0.7035844779048395,A,F,,,,P3M,"Gross domestic product at market prices - Euro area 20 (fixed composition) as of 1 January 2023 - Domestic (home or reference area), Total economy, Euro, Chain linked volume (rebased), Growth rate, over 1 year, Calendar and seasonally adjusted data",4F0,,YTYPCT(MNA.Q.Y.I9.W2.S1.S1.B.B1GQ._Z._Z._Z.EUR.LR.N),1,,,,2020,,,,S,"Real GDP (volume), annual growth",,1,
MNA.Q.Y.I9.W2.S1.S1.B.B1GQ._Z._Z._Z.EUR.LR.GY,Q,Y,I9,W2,S1,S1,B,B1GQ,_Z,_Z,_Z,EUR,LR,GY,2024-Q2,0.7009885151966433,A,F,,,,P3M,"Gross domestic product at market prices - Euro area 20 (fixed composition) as of 1 January 2023 - Domestic (home or reference area), Total economy, Euro, Chain linked volume (rebased), Growth rate, over 1 year, Calendar and seasonally adjusted data",4F0,,YTYPCT(MNA.Q.Y.I9.W2.S1.S1.B.B1GQ._Z._Z._Z.EUR.LR.N),1,,,,2020,,,,S,"Real GDP (volume), annual growth",,1,
MNA.Q.Y.I9.W2.S1.S1.B.B1GQ._Z._Z._Z.EUR.LR.GY,Q,Y,I9,W2,S1,S1,B,B1GQ,_Z,_Z,_Z,EUR,LR,GY,2024-Q3,1.0699073136134718,A,F,,,,P3M,"Gross domestic product at market prices - Euro area 20 (fixed composition) as of 1 January 2023 - Domestic (home or reference area), Total economy, Euro, Chain linked volume (rebased), Growth rate, over 1 year, Calendar and seasonally adjusted data",4F0,,YTYPCT(MNA.Q.Y.I9.W2.S1.S1.B.B1GQ._Z._Z._Z.EUR.LR.N),1,,,,2020,,,,S,"Real GDP (volume), annual growth",,1,
MNA.Q.Y.I9.W2.S1.S1.B.B1GQ._Z._Z._Z.EUR.LR.GY,Q,Y,I9,W2,S1,S1,B,B1GQ,_Z,_Z,_Z,EUR,LR,GY,2024-Q4,1.3584492184052888,A,F,,,,P3M,"Gross domestic product at market prices - Euro area 20 (fixed composition) as of 1 January 2023 - Domestic (home or reference area), Total economy, Euro, Chain linked volume (rebased), Growth rate, over 1 year, Calendar and seasonally adjusted data",4F0,,YTYPCT(MNA.Q.Y.I9.W2.S1.S1.B.B1GQ._Z._Z._Z.EUR.LR.N),1,,,,2020,,,,S,"Real GDP (volume), annual growth",,1,
MNA.Q.Y.I9.W2.S1.S1.B.B1GQ._Z._Z._Z.EUR.LR.GY,Q,Y,I9,W2,S1,S1,B,B1GQ,_Z,_Z,_Z,EUR,LR,GY,2025-Q1,1.587224483354177,A,F,,,,P3M,"Gross domestic product at market prices - Euro area 20 (fixed composition) as of 1 January 2023 - Domestic (home or reference area), Total economy, Euro, Chain linked volume (rebased), Growth rate, over 1 year, Calendar and seasonally adjusted data",4F0,,YTYPCT(MNA.Q.Y.I9.W2.S1.S1.B.B1GQ._Z._Z._Z.EUR.LR.N),1,,,,2020,,,,S,"Real GDP (volume), annual growth",,1,
MNA.Q.Y.I9.W2.S1.S1.B.B1GQ._Z._Z._Z.EUR.LR.GY,Q,Y,I9,W2,S1,S1,B,B1GQ,_Z,_Z,_Z,EUR,LR,GY,2025-Q2,1.3594417251692414,A,F,,,,P3M,"Gross domestic product at market prices - Euro area 20 (fixed composition) as of 1 January 2023 - Domestic (home or reference area), Total economy, Euro, Chain linked volume (rebased), Growth rate, over 1 year, Calendar and seasonally adjusted data",4F0,,YTYPCT(MNA.Q.Y.I9.W2.S1.S1.B.B1GQ._Z._Z._Z.EUR.LR.N),1,,,,2020,,,,S,"Real GDP (volume), annual growth",,1,
MNA.Q.Y.I9.W2.S1.S1.B.B1GQ._Z._Z._Z.EUR.LR.GY,Q,Y,I9,W2,S1,S1,B,B1GQ,_Z,_Z,_Z,EUR,LR,GY,2025-Q3,1.1686332885105788,A,F,,,,P3M,"Gross domestic product at market prices - Euro area 20 (fixed composition) as of 1 January 2023 - Domestic (home or reference area), Total economy, Euro, Chain linked volume (rebased), Growth rate, over 1 year, Calendar and seasonally adjusted data",4F0,,YTYPCT(MNA.Q.Y.I9.W2.S1.S1.B.B1GQ._Z._Z._Z.EUR.LR.N),1,,,,2020,,,,S,"Real GDP (volume), annual growth",,1,
MNA.Q.Y.I9.W2.S1.S1.B.B1GQ._Z._Z._Z.EUR.LR.GY,Q,Y,I9,W2,S1,S1,B,B1GQ,_Z,_Z,_Z,EUR,LR,GY,2025-Q4,1.0658844596842298,A,F,,,,P3M,"Gross domestic product at market prices - Euro area 20 (fixed composition) as of 1 January 2023 - Domestic (home or reference area), Total economy, Euro, Chain linked volume (rebased), Growth rate, over 1 year, Calendar and seasonally adjusted data",4F0,,YTYPCT(MNA.Q.Y.I9.W2.S1.S1.B.B1GQ._Z._Z._Z.EUR.LR.N),1,,,,2020,,,,S,"Real GDP (volume), annual growth",,1,
MNA.Q.Y.I9.W2.S1.S1.B.B1GQ._Z._Z._Z.EUR.LR.GY,Q,Y,I9,W2,S1,S1,B,B1GQ,_Z,_Z,_Z,EUR,LR,GY,2026-Q1,0.4889328315877739,A,F,,,,P3M,"Gross domestic product at market prices - Euro area 20 (fixed composition) as of 1 January 2023 - Domestic (home or reference area), Total economy, Euro, Chain linked volume (rebased), Growth rate, over 1 year, Calendar and seasonally adjusted data",4F0,,YTYPCT(MNA.Q.Y.I9.W2.S1.S1.B.B1GQ._Z._Z._Z.EUR.LR.N),1,,,,2020,,,,S,"Real GDP (volume), annual growth",,1,
